item,wm_month,item_desc,unit_retail,color,pos_stores,pos_qty,months,interested,pos_diff_pct,pos_pct_of_1st_month
ADX6407003,2017/03,"42"" PEARL NECK",$9.88 ,NONE,318 ,1551.0,14,No,0.0,1.0
ADX6407003,2017/04,"42"" PEARL NECK",$9.88 ,NONE,345 ,1347.0,14,No,-0.1315280464216635,0.8684719535783365
ADX6407003,2017/05,"42"" PEARL NECK",$9.88 ,NONE,370 ,1415.0,14,No,0.05048255382331113,0.912314635718891
ADX6407003,2017/06,"42"" PEARL NECK",$9.88 ,NONE,312 ,1303.0,14,No,-0.07915194346289756,0.8401031592520954
ADX6407003,2017/07,"42"" PEARL NECK",$9.88 ,NONE,288 ,1073.0,14,No,-0.17651573292402145,0.6918117343649258
ADX6407003,2017/08,"42"" PEARL NECK",$9.88 ,NONE,277 ,1045.0,14,No,-0.026095060577819185,0.6737588652482269
ADX6407003,2017/09,"42"" PEARL NECK",$9.88 ,NONE,282 ,1338.0,14,No,0.2803827751196173,0.8626692456479691
ADX6407003,2017/10,"42"" PEARL NECK",$9.88 ,NONE,564 ,1669.0,14,No,0.24738415545590442,1.076079948420374
ADX6407003,2017/11,"42"" PEARL NECK",$9.88 ,NONE,572 ,1426.0,14,No,-0.14559616536848408,0.9194068343004513
ADX6407003,2017/12,"42"" PEARL NECK",$9.88 ,NONE,466 ,1911.0,14,No,0.3401122019635343,1.2321083172147003
ADX6407003,2018/01,"42"" PEARL NECK",$9.88 ,NONE,264 ,965.0,14,No,-0.49502878074306644,0.6221792392005158
ADX6407003,2018/02,"42"" PEARL NECK",$9.88 ,NONE,444 ,1545.0,14,No,0.6010362694300517,0.9961315280464217
ADX6407004,2017/03,3PC PEARL BRACELET,$4.88 ,NONE,698 ,4125.0,14,No,0.0,1.0
ADX6407004,2017/04,3PC PEARL BRACELET,$4.88 ,NONE,932 ,4333.0,14,No,0.05042424242424248,1.0504242424242425
ADX6407004,2017/05,3PC PEARL BRACELET,$4.88 ,NONE,"1,125 ",5231.0,14,No,0.20724671128548344,1.2681212121212122
ADX6407004,2017/06,3PC PEARL BRACELET,$4.88 ,NONE,812 ,4733.0,14,No,-0.09520168227872294,1.1473939393939394
ADX6407004,2017/07,3PC PEARL BRACELET,$4.88 ,NONE,776 ,3659.0,14,No,-0.2269173885484893,0.8870303030303031
ADX6407004,2017/08,3PC PEARL BRACELET,$4.88 ,NONE,776 ,3717.0,14,No,0.01585132549877022,0.901090909090909
ADX6407004,2017/09,3PC PEARL BRACELET,$4.88 ,NONE,793 ,4763.0,14,No,0.28140973903685773,1.1546666666666667
ADX6407004,2017/10,3PC PEARL BRACELET,$4.88 ,NONE,829 ,4078.0,14,No,-0.1438169221079152,0.9886060606060606
ADX6407004,2017/11,3PC PEARL BRACELET,$4.88 ,NONE,761 ,2773.0,14,No,-0.3200098087297695,0.6722424242424242
ADX6407004,2017/12,3PC PEARL BRACELET,$4.88 ,NONE,904 ,4629.0,14,No,0.6693112152902994,1.1221818181818182
ADX6407004,2018/01,3PC PEARL BRACELET,$4.88 ,NONE,398 ,1605.0,14,No,-0.6532728451069345,0.3890909090909091
ADX6407004,2018/02,3PC PEARL BRACELET,$4.88 ,NONE,699 ,3125.0,14,No,0.9470404984423677,0.7575757575757576
ADX6407008,2017/03,PEARL 8MM NECK,$4.88 ,PEARL,"1,136 ",7271.0,14,Yes,0.0,1.0
ADX6407008,2017/04,PEARL 8MM NECK,$4.88 ,PEARL,"1,485 ",7614.0,14,Yes,0.047173703754641805,1.0471737037546418
ADX6407008,2017/05,PEARL 8MM NECK,$4.88 ,PEARL,"1,588 ",8090.0,14,Yes,0.06251641712634615,1.1126392518223078
ADX6407008,2017/06,PEARL 8MM NECK,$4.88 ,PEARL,"1,195 ",7277.0,14,Yes,-0.10049443757725585,1.0008251959840462
ADX6407008,2017/07,PEARL 8MM NECK,$4.88 ,PEARL,"1,117 ",5712.0,14,Yes,-0.21506115157345063,0.7855865768119928
ADX6407008,2017/08,PEARL 8MM NECK,$4.88 ,PEARL,"1,149 ",5843.0,14,Yes,0.022934173669467706,0.8036033557970018
ADX6407008,2017/09,PEARL 8MM NECK,$4.88 ,PEARL,"1,179 ",7377.0,14,Yes,0.26253636830395344,1.0145784623848164
ADX6407008,2017/10,PEARL 8MM NECK,$4.88 ,PEARL,"1,740 ",8370.0,14,Yes,0.13460756405042695,1.1511483977444643
ADX6407008,2017/11,PEARL 8MM NECK,$4.88 ,PEARL,"1,842 ",7011.0,14,Yes,-0.16236559139784945,0.9642415073579975
ADX6407008,2017/12,PEARL 8MM NECK,$4.88 ,PEARL,"1,288 ",7253.0,14,Yes,0.03451718727713593,0.9975244120478614
ADX6407008,2018/01,PEARL 8MM NECK,$4.88 ,PEARL,888 ,3298.0,14,Yes,-0.5452916034744244,0.4535827258974006
ADX6407008,2018/02,PEARL 8MM NECK,$4.88 ,PEARL,"1,087 ",5167.0,14,Yes,0.5667070952092177,0.7106312749277953
ADX6407009,2017/03,PEARL TWIST NECK,$9.88 ,NONE,240 ,1148.0,14,No,0.0,1.0
ADX6407009,2017/04,PEARL TWIST NECK,$9.88 ,NONE,301 ,1043.0,14,No,-0.09146341463414631,0.9085365853658537
ADX6407009,2017/05,PEARL TWIST NECK,$9.88 ,NONE,325 ,1130.0,14,No,0.0834132310642377,0.9843205574912892
ADX6407009,2017/06,PEARL TWIST NECK,$9.88 ,NONE,195 ,815.0,14,No,-0.27876106194690264,0.7099303135888502
ADX6407009,2017/07,PEARL TWIST NECK,$9.88 ,NONE,170 ,616.0,14,No,-0.24417177914110433,0.5365853658536586
ADX6407009,2017/08,PEARL TWIST NECK,$9.88 ,NONE,329 ,1108.0,14,No,0.7987012987012987,0.9651567944250871
ADX6407009,2017/09,PEARL TWIST NECK,$9.88 ,NONE,290 ,1360.0,14,No,0.22743682310469304,1.1846689895470384
ADX6407009,2017/10,PEARL TWIST NECK,$9.88 ,NONE,371 ,1313.0,14,No,-0.03455882352941175,1.1437282229965158
ADX6407009,2017/11,PEARL TWIST NECK,$9.88 ,NONE,357 ,1220.0,14,No,-0.07083015993907082,1.0627177700348431
ADX6407009,2017/12,PEARL TWIST NECK,$9.88 ,NONE,592 ,2441.0,14,No,1.0008196721311475,2.1263066202090593
ADX6407009,2018/01,PEARL TWIST NECK,$9.88 ,NONE,278 ,946.0,14,No,-0.6124539123310119,0.8240418118466899
ADX6407009,2018/02,PEARL TWIST NECK,$9.88 ,NONE,474 ,1629.0,14,No,0.7219873150105709,1.4189895470383276
ADX6407030,2017/03,7 ROW CRY STRETCH,$9.88 ,CRYSTA,586 ,2969.0,14,No,0.0,1.0
ADX6407030,2017/04,7 ROW CRY STRETCH,$9.88 ,CRYSTA,655 ,2645.0,14,No,-0.1091276524082182,0.8908723475917818
ADX6407030,2017/05,7 ROW CRY STRETCH,$9.88 ,CRYSTA,601 ,1700.0,14,No,-0.35727788279773154,0.5725833614011452
ADX6407030,2017/06,7 ROW CRY STRETCH,$9.88 ,CRYSTA,588 ,2154.0,14,No,0.2670588235294118,0.725496800269451
ADX6407030,2017/07,7 ROW CRY STRETCH,$9.88 ,CRYSTA,594 ,1885.0,14,No,-0.12488393686165278,0.6348939036712697
ADX6407030,2017/08,7 ROW CRY STRETCH,$9.88 ,CRYSTA,550 ,1963.0,14,No,0.04137931034482767,0.6611653755473224
ADX6407030,2017/09,7 ROW CRY STRETCH,$9.88 ,CRYSTA,693 ,3196.0,14,No,0.6281202241467143,1.076456719434153
ADX6407030,2017/10,7 ROW CRY STRETCH,$9.88 ,CRYSTA,641 ,2606.0,14,No,-0.18460575719649563,0.8777366116537555
ADX6407030,2017/11,7 ROW CRY STRETCH,$9.88 ,CRYSTA,615 ,2265.0,14,No,-0.13085188027628547,0.7628831256315257
ADX6407030,2017/12,7 ROW CRY STRETCH,$9.88 ,CRYSTA,833 ,3811.0,14,No,0.682560706401766,1.2835971707645673
ADX6407030,2018/01,7 ROW CRY STRETCH,$9.88 ,CRYSTA,481 ,1294.0,14,No,-0.6604565730779324,0.4358369821488717
ADX6407030,2018/02,7 ROW CRY STRETCH,$9.88 ,CRYSTA,433 ,1550.0,14,No,0.19783616692426587,0.5220613001010441
ADX6407035,2017/03,3PC STONE STRETCH,$7.88 ,CRYSTA,167 ,806.0,14,No,0.0,1.0
ADX6407035,2017/04,3PC STONE STRETCH,$7.88 ,CRYSTA,225 ,770.0,14,No,-0.04466501240694787,0.9553349875930521
ADX6407035,2017/05,3PC STONE STRETCH,$7.88 ,CRYSTA,267 ,951.0,14,No,0.23506493506493498,1.1799007444168734
ADX6407035,2017/06,3PC STONE STRETCH,$7.88 ,CRYSTA,162 ,714.0,14,No,-0.24921135646687698,0.8858560794044665
ADX6407035,2017/07,3PC STONE STRETCH,$7.88 ,CRYSTA,135 ,508.0,14,No,-0.28851540616246496,0.630272952853598
ADX6407035,2017/08,3PC STONE STRETCH,$7.88 ,CRYSTA,158 ,643.0,14,No,0.26574803149606296,0.7977667493796526
ADX6407035,2017/09,3PC STONE STRETCH,$7.88 ,CRYSTA,179 ,732.0,14,No,0.1384136858475895,0.9081885856079405
ADX6407035,2017/10,3PC STONE STRETCH,$7.88 ,CRYSTA,234 ,809.0,14,No,0.10519125683060104,1.0037220843672456
ADX6407035,2017/11,3PC STONE STRETCH,$7.88 ,CRYSTA,199 ,590.0,14,No,-0.2707045735475896,0.7320099255583127
ADX6407035,2017/12,3PC STONE STRETCH,$7.88 ,CRYSTA,312 ,1177.0,14,No,0.9949152542372881,1.4602977667493797
ADX6407035,2018/01,3PC STONE STRETCH,$7.88 ,CRYSTA,133 ,413.0,14,No,-0.64910790144435,0.5124069478908189
ADX6407035,2018/02,3PC STONE STRETCH,$7.88 ,CRYSTA,222 ,762.0,14,No,0.8450363196125907,0.9454094292803971
ADX6407046,2017/03,DECO V NECK&EAR SE,$9.88 ,CRYSTA,358 ,1658.0,14,No,0.0,1.0
ADX6407046,2017/04,DECO V NECK&EAR SE,$9.88 ,CRYSTA,542 ,1918.0,14,No,0.15681544028950545,1.1568154402895054
ADX6407046,2017/05,DECO V NECK&EAR SE,$9.88 ,CRYSTA,626 ,2358.0,14,No,0.22940563086548482,1.422195416164053
ADX6407046,2017/06,DECO V NECK&EAR SE,$9.88 ,CRYSTA,342 ,1499.0,14,No,-0.36429177268871926,0.9041013268998793
ADX6407046,2017/07,DECO V NECK&EAR SE,$9.88 ,CRYSTA,286 ,1002.0,14,No,-0.33155436957971984,0.6043425814234017
ADX6407046,2017/08,DECO V NECK&EAR SE,$9.88 ,CRYSTA,266 ,966.0,14,No,-0.0359281437125748,0.5826296743063932
ADX6407046,2017/09,DECO V NECK&EAR SE,$9.88 ,CRYSTA,381 ,1530.0,14,No,0.5838509316770186,0.9227985524728589
ADX6407046,2017/10,DECO V NECK&EAR SE,$9.88 ,CRYSTA,446 ,1465.0,14,No,-0.042483660130718914,0.8835946924004825
ADX6407046,2017/11,DECO V NECK&EAR SE,$9.88 ,CRYSTA,287 ,973.0,14,No,-0.33583617747440275,0.5868516284680337
ADX6407046,2017/12,DECO V NECK&EAR SE,$9.88 ,CRYSTA,520 ,2008.0,14,No,1.0637204522096608,1.2110977080820264
ADX6407046,2018/01,DECO V NECK&EAR SE,$9.88 ,CRYSTA,251 ,804.0,14,No,-0.599601593625498,0.48492159227985526
ADX6407046,2018/02,DECO V NECK&EAR SE,$9.88 ,CRYSTA,484 ,1524.0,14,No,0.8955223880597014,0.9191797346200241
ADX6407051,2017/03,"""S"" NECK & EAR SET",$9.88 ,CRYST,445 ,1880.0,14,No,0.0,1.0
ADX6407051,2017/04,"""S"" NECK & EAR SET",$9.88 ,CRYST,705 ,2404.0,14,No,0.27872340425531905,1.278723404255319
ADX6407051,2017/05,"""S"" NECK & EAR SET",$9.88 ,CRYST,727 ,2727.0,14,No,0.1343594009983362,1.450531914893617
ADX6407051,2017/06,"""S"" NECK & EAR SET",$9.88 ,CRYST,428 ,1858.0,14,No,-0.31866519985331865,0.9882978723404255
ADX6407051,2017/07,"""S"" NECK & EAR SET",$9.88 ,CRYST,374 ,1325.0,14,No,-0.28686759956942953,0.7047872340425532
ADX6407051,2017/08,"""S"" NECK & EAR SET",$9.88 ,CRYST,327 ,1145.0,14,No,-0.13584905660377355,0.6090425531914894
ADX6407051,2017/09,"""S"" NECK & EAR SET",$9.88 ,CRYST,436 ,1842.0,14,No,0.6087336244541486,0.9797872340425532
ADX6407051,2017/10,"""S"" NECK & EAR SET",$9.88 ,CRYST,493 ,1766.0,14,No,-0.04125950054288818,0.9393617021276596
ADX6407051,2017/11,"""S"" NECK & EAR SET",$9.88 ,CRYST,284 ,1007.0,14,No,-0.4297848244620611,0.5356382978723404
ADX6407051,2017/12,"""S"" NECK & EAR SET",$9.88 ,CRYST,409 ,1549.0,14,No,0.5382323733862959,0.823936170212766
ADX6407051,2018/01,"""S"" NECK & EAR SET",$9.88 ,CRYST,214 ,606.0,14,No,-0.6087798579728858,0.3223404255319149
ADX6407051,2018/02,"""S"" NECK & EAR SET",$9.88 ,CRYST,368 ,1306.0,14,No,1.155115511551155,0.6946808510638298
ADX6407074,2017/03,SILVR FIRBALL N/E,$4.88 ,CRYSTA,697 ,4055.0,14,No,0.0,1.0
ADX6407074,2017/04,SILVR FIRBALL N/E,$4.88 ,CRYSTA,800 ,3806.0,14,No,-0.061405672009864354,0.9385943279901356
ADX6407074,2017/05,SILVR FIRBALL N/E,$4.88 ,CRYSTA,"1,150 ",5548.0,14,No,0.4576983709931688,1.3681874229346487
ADX6407074,2017/06,SILVR FIRBALL N/E,$4.88 ,CRYSTA,799 ,4822.0,14,No,-0.13085796683489548,1.1891491985203453
ADX6407074,2017/07,SILVR FIRBALL N/E,$4.88 ,CRYSTA,822 ,3918.0,14,No,-0.1874740771464123,0.9662145499383478
ADX6407074,2017/08,SILVR FIRBALL N/E,$4.88 ,CRYSTA,761 ,3780.0,14,No,-0.03522205206738127,0.9321824907521579
ADX6407074,2017/09,SILVR FIRBALL N/E,$4.88 ,CRYSTA,767 ,4492.0,14,No,0.18835978835978828,1.1077681874229346
ADX6407074,2017/10,SILVR FIRBALL N/E,$4.88 ,CRYSTA,698 ,3332.0,14,No,-0.2582368655387355,0.8217016029593095
ADX6407074,2017/11,SILVR FIRBALL N/E,$4.88 ,CRYSTA,598 ,2731.0,14,No,-0.18037214885954378,0.6734895191122071
ADX6407074,2017/12,SILVR FIRBALL N/E,$4.88 ,CRYSTA,"1,107 ",5863.0,14,No,1.1468326620285612,1.445869297163995
ADX6407074,2018/01,SILVR FIRBALL N/E,$4.88 ,CRYSTA,489 ,1974.0,14,No,-0.663312297458639,0.486806411837238
ADX6407074,2018/02,SILVR FIRBALL N/E,$4.88 ,CRYSTA,828 ,3487.0,14,No,0.7664640324214793,0.8599260172626387
ADX6407087,2017/03,SILVER PEARL NE SET,$9.88 ,CRYSTA,170 ,685.0,14,No,0.0,1.0
ADX6407087,2017/04,SILVER PEARL NE SET,$9.88 ,CRYSTA,209 ,717.0,14,No,0.046715328467153316,1.0467153284671533
ADX6407087,2017/05,SILVER PEARL NE SET,$9.88 ,CRYSTA,216 ,747.0,14,No,0.04184100418410042,1.0905109489051095
ADX6407087,2017/06,SILVER PEARL NE SET,$9.88 ,CRYSTA,136 ,576.0,14,No,-0.22891566265060237,0.8408759124087591
ADX6407087,2017/07,SILVER PEARL NE SET,$9.88 ,CRYSTA,175 ,517.0,14,No,-0.10243055555555558,0.7547445255474453
ADX6407087,2017/08,SILVER PEARL NE SET,$9.88 ,CRYSTA,201 ,755.0,14,No,0.4603481624758221,1.102189781021898
ADX6407087,2017/09,SILVER PEARL NE SET,$9.88 ,CRYSTA,206 ,910.0,14,No,0.20529801324503305,1.3284671532846715
ADX6407087,2017/10,SILVER PEARL NE SET,$9.88 ,CRYSTA,207 ,761.0,14,No,-0.1637362637362637,1.110948905109489
ADX6407087,2017/11,SILVER PEARL NE SET,$9.88 ,CRYSTA,187 ,610.0,14,No,-0.19842312746386337,0.8905109489051095
ADX6407087,2017/12,SILVER PEARL NE SET,$9.88 ,CRYSTA,293 ,1103.0,14,No,0.8081967213114754,1.6102189781021898
ADX6407087,2018/01,SILVER PEARL NE SET,$9.88 ,CRYSTA,108 ,310.0,14,No,-0.7189483227561198,0.45255474452554745
ADX6407087,2018/02,SILVER PEARL NE SET,$9.88 ,CRYSTA,171 ,527.0,14,No,0.7,0.7693430656934307
ADX6407688,2017/03,CRYSTAL STONE STRETC,$4.88 ,CRYSTA,319 ,1846.0,14,No,0.0,1.0
ADX6407688,2017/04,CRYSTAL STONE STRETC,$4.88 ,CRYSTA,359 ,1735.0,14,No,-0.06013001083423619,0.9398699891657638
ADX6407688,2017/05,CRYSTAL STONE STRETC,$4.88 ,CRYSTA,396 ,1834.0,14,No,0.05706051873198836,0.9934994582881906
ADX6407688,2017/06,CRYSTAL STONE STRETC,$4.88 ,CRYSTA,270 ,1383.0,14,No,-0.24591057797164673,0.7491874322860238
ADX6407688,2017/07,CRYSTAL STONE STRETC,$4.88 ,CRYSTA,245 ,1043.0,14,No,-0.24584237165582068,0.5650054171180932
ADX6407688,2017/08,CRYSTAL STONE STRETC,$4.88 ,CRYSTA,249 ,1048.0,14,No,0.004793863854266611,0.5677139761646804
ADX6407688,2017/09,CRYSTAL STONE STRETC,$4.88 ,CRYSTA,298 ,1482.0,14,No,0.41412213740458026,0.8028169014084507
ADX6407688,2017/10,CRYSTAL STONE STRETC,$4.88 ,CRYSTA,294 ,1206.0,14,No,-0.18623481781376516,0.6533044420368364
ADX6407688,2017/11,CRYSTAL STONE STRETC,$4.88 ,CRYSTA,229 ,927.0,14,No,-0.23134328358208955,0.5021668472372698
ADX6407688,2017/12,CRYSTAL STONE STRETC,$4.88 ,CRYSTA,402 ,2078.0,14,No,1.2416396979503777,1.1256771397616467
ADX6407688,2018/01,CRYSTAL STONE STRETC,$4.88 ,CRYSTA,205 ,814.0,14,No,-0.6082771896053898,0.4409534127843987
ADX6407688,2018/02,CRYSTAL STONE STRETC,$4.88 ,CRYSTA,285 ,1214.0,14,No,0.49140049140049147,0.6576381365113759
ADX6800007,2017/03,LARGE FIREBALL STUD,$2.88 ,SLCC,949 ,6190.0,14,No,0.0,1.0
ADX6800007,2017/04,LARGE FIREBALL STUD,$2.88 ,SLCC,"1,031 ",5436.0,14,No,-0.12180936995153469,0.8781906300484653
ADX6800007,2017/05,LARGE FIREBALL STUD,$2.88 ,SLCC,"1,181 ",6665.0,14,No,0.22608535688005893,1.0767366720516962
ADX6800007,2017/06,LARGE FIREBALL STUD,$2.88 ,SLCC,"1,056 ",6393.0,14,No,-0.04081020255063761,1.032794830371567
ADX6800007,2017/07,LARGE FIREBALL STUD,$2.88 ,SLCC,"1,053 ",5215.0,14,No,-0.18426403879242925,0.8424878836833603
ADX6800007,2017/08,LARGE FIREBALL STUD,$2.88 ,SLCC,"1,049 ",5419.0,14,No,0.039117929050815015,0.8754442649434572
ADX6800007,2017/09,LARGE FIREBALL STUD,$2.88 ,SLCC,950 ,6089.0,14,No,0.12363904779479618,0.9836833602584815
ADX6800007,2017/10,LARGE FIREBALL STUD,$2.88 ,SLCC,973 ,5163.0,14,No,-0.15207751683363446,0.8340872374798062
ADX6800007,2017/11,LARGE FIREBALL STUD,$2.88 ,SLCC,"1,053 ",5272.0,14,No,0.021111756730582965,0.8516962843295638
ADX6800007,2017/12,LARGE FIREBALL STUD,$2.88 ,SLCC,"1,184 ",7124.0,14,No,0.35128983308042483,1.1508885298869145
ADX6800007,2018/01,LARGE FIREBALL STUD,$2.88 ,SLCC,657 ,2617.0,14,No,-0.6326501965188096,0.42277867528271407
ADX6800007,2018/02,LARGE FIREBALL STUD,$2.88 ,SLCC,548 ,2433.0,14,No,-0.07030951471150171,0.39305331179321484
ADX6800009,2017/03,PAVE SQUARE EARS,$2.88 ,SLCC,"1,066 ",6651.0,14,No,0.0,1.0
ADX6800009,2017/04,PAVE SQUARE EARS,$2.88 ,SLCC,"1,101 ",5590.0,14,No,-0.159524883476169,0.840475116523831
ADX6800009,2017/05,PAVE SQUARE EARS,$2.88 ,SLCC,"1,203 ",6521.0,14,No,0.1665474060822898,0.9804540670575853
ADX6800009,2017/06,PAVE SQUARE EARS,$2.88 ,SLCC,"1,153 ",6572.0,14,No,0.007820886367121638,0.988122086904225
ADX6800009,2017/07,PAVE SQUARE EARS,$2.88 ,SLCC,"1,103 ",5684.0,14,No,-0.13511868533171023,0.8546083295745001
ADX6800009,2017/08,PAVE SQUARE EARS,$2.88 ,SLCC,"1,094 ",5635.0,14,No,-0.008620689655172376,0.847241016388513
ADX6800009,2017/09,PAVE SQUARE EARS,$2.88 ,SLCC,912 ,5662.0,14,No,0.00479148181011535,0.8513005563073222
ADX6800009,2017/10,PAVE SQUARE EARS,$2.88 ,SLCC,842 ,4281.0,14,No,-0.24390674673260337,0.6436626071267478
ADX6800009,2017/11,PAVE SQUARE EARS,$2.88 ,SLCC,985 ,4662.0,14,No,0.08899789768745614,0.7009472259810555
ADX6800009,2017/12,PAVE SQUARE EARS,$2.88 ,SLCC,"1,210 ",7676.0,14,No,0.6465036465036464,1.1541121635844234
ADX6800009,2018/01,PAVE SQUARE EARS,$2.88 ,SLCC,594 ,2517.0,14,No,-0.6720948410630536,0.37843933243121336
ADX6800009,2018/02,PAVE SQUARE EARS,$2.88 ,SLCC,456 ,2138.0,14,No,-0.15057608263806121,0.32145542023755824
ADX6800059,2017/03,GL CRY RND STUD,$2.88 ,GLCC,903 ,5557.0,14,No,0.0,1.0
ADX6800059,2017/04,GL CRY RND STUD,$2.88 ,GLCC,851 ,4299.0,14,No,-0.22638114090336514,0.7736188590966349
ADX6800059,2017/05,GL CRY RND STUD,$2.88 ,GLCC,989 ,5050.0,14,No,0.17469178878809033,0.9087637214324276
ADX6800059,2017/06,GL CRY RND STUD,$2.88 ,GLCC,848 ,5229.0,14,No,0.03544554455445548,0.9409753464099334
ADX6800059,2017/07,GL CRY RND STUD,$2.88 ,GLCC,890 ,4372.0,14,No,-0.16389366991776633,0.786755443584668
ADX6800059,2017/08,GL CRY RND STUD,$2.88 ,GLCC,965 ,4747.0,14,No,0.08577310155535223,0.8542378981464819
ADX6800059,2017/09,GL CRY RND STUD,$2.88 ,GLCC,875 ,5587.0,14,No,0.1769538655993259,1.0053985963649452
ADX6800059,2017/10,GL CRY RND STUD,$2.88 ,GLCC,829 ,4269.0,14,No,-0.2359047789511366,0.7682202627316898
ADX6800059,2017/11,GL CRY RND STUD,$2.88 ,GLCC,823 ,4340.0,14,No,0.016631529632232356,0.7809969407953932
ADX6800059,2017/12,GL CRY RND STUD,$2.88 ,GLCC,981 ,5619.0,14,No,0.2947004608294932,1.0111570991542198
ADX6800059,2018/01,GL CRY RND STUD,$2.88 ,GLCC,536 ,2280.0,14,No,-0.594233849439402,0.41029332373582866
ADX6800059,2018/02,GL CRY RND STUD,$2.88 ,GLCC,534 ,2342.0,14,No,0.027192982456140324,0.4214504228900486
ADX6800060,2017/03,GL BLACK CRY RNDSTUD,$2.88 ,GLJT,"1,031 ",6485.0,14,No,0.0,1.0
ADX6800060,2017/04,GL BLACK CRY RNDSTUD,$2.88 ,GLJT,"1,022 ",5157.0,14,No,-0.20478026214340783,0.7952197378565922
ADX6800060,2017/05,GL BLACK CRY RNDSTUD,$2.88 ,GLJT,"1,145 ",5878.0,14,No,0.13980996703509785,0.9063993831919815
ADX6800060,2017/06,GL BLACK CRY RNDSTUD,$2.88 ,GLJT,892 ,5510.0,14,No,-0.06260632868322558,0.8496530454895914
ADX6800060,2017/07,GL BLACK CRY RNDSTUD,$2.88 ,GLJT,909 ,4429.0,14,No,-0.1961887477313975,0.6829606784888204
ADX6800060,2017/08,GL BLACK CRY RNDSTUD,$2.88 ,GLJT,"1,042 ",5003.0,14,No,0.12960036125536245,0.7714726291441789
ADX6800060,2017/09,GL BLACK CRY RNDSTUD,$2.88 ,GLJT,"1,013 ",6218.0,14,No,0.24285428742754345,0.958828064764842
ADX6800060,2017/10,GL BLACK CRY RNDSTUD,$2.88 ,GLJT,"1,091 ",5644.0,14,No,-0.09231264072048895,0.8703161141094834
ADX6800060,2017/11,GL BLACK CRY RNDSTUD,$2.88 ,GLJT,"1,099 ",6009.0,14,No,0.06467044649184972,0.9265998457979954
ADX6800060,2017/12,GL BLACK CRY RNDSTUD,$2.88 ,GLJT,"1,297 ",7718.0,14,No,0.2844067232484606,1.1901310717039322
ADX6800060,2018/01,GL BLACK CRY RNDSTUD,$2.88 ,GLJT,732 ,2870.0,14,No,-0.6281420057009588,0.4425597532767926
ADX6800060,2018/02,GL BLACK CRY RNDSTUD,$2.88 ,GLJT,647 ,2745.0,14,No,-0.04355400696864109,0.42328450269853507
ADX6800089,2017/03,GOLD TXT DISK KITE,$2.88 ,GL,871 ,4923.0,14,No,0.0,1.0
ADX6800089,2017/04,GOLD TXT DISK KITE,$2.88 ,GL,"1,005 ",4421.0,14,No,-0.10197034328661381,0.8980296567133862
ADX6800089,2017/05,GOLD TXT DISK KITE,$2.88 ,GL,"1,157 ",5221.0,14,No,0.18095453517303772,1.0605321958155596
ADX6800089,2017/06,GOLD TXT DISK KITE,$2.88 ,GL,870 ,5119.0,14,No,-0.01953648726297641,1.0398131220800324
ADX6800089,2017/07,GOLD TXT DISK KITE,$2.88 ,GL,917 ,4255.0,14,No,-0.16878296542293414,0.8643103798496852
ADX6800089,2017/08,GOLD TXT DISK KITE,$2.88 ,GL,930 ,4540.0,14,No,0.06698002350176258,0.9222019094048345
ADX6800089,2017/09,GOLD TXT DISK KITE,$2.88 ,GL,912 ,5575.0,14,No,0.22797356828193838,1.1324395693682714
ADX6800089,2017/10,GOLD TXT DISK KITE,$2.88 ,GL,"1,237 ",5610.0,14,No,0.00627802690582957,1.1395490554539915
ADX6800089,2017/11,GOLD TXT DISK KITE,$2.88 ,GL,"1,138 ",4784.0,14,No,-0.14723707664884134,0.9717651838309974
ADX6800089,2017/12,GOLD TXT DISK KITE,$2.88 ,GL,"1,192 ",6333.0,14,No,0.3237876254180603,1.2864107251675807
ADX6800089,2018/01,GOLD TXT DISK KITE,$2.88 ,GL,617 ,2427.0,14,No,-0.6167693036475603,0.49299207800121875
ADX6800089,2018/02,GOLD TXT DISK KITE,$2.88 ,GL,816 ,3330.0,14,No,0.3720642768850433,0.676416819012797
ADX6800094,2017/03,GL NAVETTE CRYSTAL,$2.88 ,GLCC,922 ,5572.0,14,No,0.0,1.0
ADX6800094,2017/04,GL NAVETTE CRYSTAL,$2.88 ,GLCC,960 ,4905.0,14,No,-0.11970567121320885,0.8802943287867911
ADX6800094,2017/05,GL NAVETTE CRYSTAL,$2.88 ,GLCC,"1,086 ",5849.0,14,No,0.19245667686034662,1.0497128499641062
ADX6800094,2017/06,GL NAVETTE CRYSTAL,$2.88 ,GLCC,934 ,5658.0,14,No,-0.03265515472730385,1.0154343144292892
ADX6800094,2017/07,GL NAVETTE CRYSTAL,$2.88 ,GLCC,950 ,4857.0,14,No,-0.14156945917285257,0.8716798277099784
ADX6800094,2017/08,GL NAVETTE CRYSTAL,$2.88 ,GLCC,"1,030 ",5149.0,14,No,0.060119415276919996,0.9240847092605886
ADX6800094,2017/09,GL NAVETTE CRYSTAL,$2.88 ,GLCC,899 ,5845.0,14,No,0.13517187803456987,1.0489949748743719
ADX6800094,2017/10,GL NAVETTE CRYSTAL,$2.88 ,GLCC,900 ,4756.0,14,No,-0.18631308810949532,0.8535534816941852
ADX6800094,2017/11,GL NAVETTE CRYSTAL,$2.88 ,GLCC,987 ,5062.0,14,No,0.06433978132884777,0.9084709260588657
ADX6800094,2017/12,GL NAVETTE CRYSTAL,$2.88 ,GLCC,"1,229 ",7187.0,14,No,0.4197945476096405,1.2898420674802584
ADX6800094,2018/01,GL NAVETTE CRYSTAL,$2.88 ,GLCC,728 ,3043.0,14,No,-0.5765966328092389,0.5461234745154343
ADX6800094,2018/02,GL NAVETTE CRYSTAL,$2.88 ,GLCC,683 ,3177.0,14,No,0.04403549129148865,0.5701722900215362
ADX6800095,2017/03,GL PAVE BEZEL CRY,$2.88 ,GLCC,760 ,4760.0,14,No,0.0,1.0
ADX6800095,2017/04,GL PAVE BEZEL CRY,$2.88 ,GLCC,761 ,3845.0,14,No,-0.1922268907563025,0.8077731092436975
ADX6800095,2017/05,GL PAVE BEZEL CRY,$2.88 ,GLCC,866 ,4099.0,14,No,0.06605981794538351,0.8611344537815127
ADX6800095,2017/06,GL PAVE BEZEL CRY,$2.88 ,GLCC,673 ,4157.0,14,No,0.014149792632349278,0.8733193277310924
ADX6800095,2017/07,GL PAVE BEZEL CRY,$2.88 ,GLCC,717 ,3428.0,14,No,-0.1753668510945393,0.7201680672268908
ADX6800095,2017/08,GL PAVE BEZEL CRY,$2.88 ,GLCC,823 ,4024.0,14,No,0.17386231038506428,0.8453781512605042
ADX6800095,2017/09,GL PAVE BEZEL CRY,$2.88 ,GLCC,737 ,4700.0,14,No,0.16799204771371778,0.9873949579831933
ADX6800095,2017/10,GL PAVE BEZEL CRY,$2.88 ,GLCC,744 ,3890.0,14,No,-0.17234042553191486,0.8172268907563025
ADX6800095,2017/11,GL PAVE BEZEL CRY,$2.88 ,GLCC,813 ,3937.0,14,No,0.012082262210797001,0.8271008403361344
ADX6800095,2017/12,GL PAVE BEZEL CRY,$2.88 ,GLCC,883 ,5090.0,14,No,0.29286258572517143,1.069327731092437
ADX6800095,2018/01,GL PAVE BEZEL CRY,$2.88 ,GLCC,502 ,2020.0,14,No,-0.6031434184675835,0.42436974789915966
ADX6800095,2018/02,GL PAVE BEZEL CRY,$2.88 ,GLCC,531 ,2040.0,14,No,0.00990099009900991,0.42857142857142855
ADX6800108,2017/03,GL NAVETTE NEUTRAL,$2.88 ,GLNECC,690 ,4105.0,14,No,0.0,1.0
ADX6800108,2017/04,GL NAVETTE NEUTRAL,$2.88 ,GLNECC,738 ,3367.0,14,No,-0.17978075517661385,0.8202192448233862
ADX6800108,2017/05,GL NAVETTE NEUTRAL,$2.88 ,GLNECC,908 ,4230.0,14,No,0.2563112563112564,1.0304506699147382
ADX6800108,2017/06,GL NAVETTE NEUTRAL,$2.88 ,GLNECC,703 ,4153.0,14,No,-0.018203309692671366,1.0116930572472593
ADX6800108,2017/07,GL NAVETTE NEUTRAL,$2.88 ,GLNECC,737 ,3535.0,14,No,-0.1488080905369612,0.8611449451887941
ADX6800108,2017/08,GL NAVETTE NEUTRAL,$2.88 ,GLNECC,783 ,3621.0,14,No,0.024328147100424413,0.882095006090134
ADX6800108,2017/09,GL NAVETTE NEUTRAL,$2.88 ,GLNECC,777 ,4472.0,14,No,0.2350179508423087,1.089403166869671
ADX6800108,2017/10,GL NAVETTE NEUTRAL,$2.88 ,GLNECC,741 ,3653.0,14,No,-0.18313953488372092,0.8898903775883069
ADX6800108,2017/11,GL NAVETTE NEUTRAL,$2.88 ,GLNECC,837 ,3980.0,14,No,0.08951546673966604,0.9695493300852619
ADX6800108,2017/12,GL NAVETTE NEUTRAL,$2.88 ,GLNECC,"1,065 ",5686.0,14,No,0.4286432160804019,1.3851400730816077
ADX6800108,2018/01,GL NAVETTE NEUTRAL,$2.88 ,GLNECC,530 ,2269.0,14,No,-0.6009497010200493,0.5527405602923264
ADX6800108,2018/02,GL NAVETTE NEUTRAL,$2.88 ,GLNECC,723 ,3058.0,14,No,0.3477302776553548,0.7449451887941535
ADX6800115,2017/03,GL OPAQ PEACH,$2.88 ,GLPE,"1,100 ",7010.0,14,No,0.0,1.0
ADX6800115,2017/04,GL OPAQ PEACH,$2.88 ,GLPE,"1,340 ",6770.0,14,No,-0.0342368045649073,0.9657631954350927
ADX6800115,2017/05,GL OPAQ PEACH,$2.88 ,GLPE,"1,508 ",8332.0,14,No,0.2307237813884786,1.1885877318116975
ADX6800115,2017/06,GL OPAQ PEACH,$2.88 ,GLPE,"1,153 ",7727.0,14,No,-0.07261161785885739,1.1022824536376605
ADX6800115,2017/07,GL OPAQ PEACH,$2.88 ,GLPE,"1,102 ",5488.0,14,No,-0.2897631681118157,0.7828815977175464
ADX6800115,2017/08,GL OPAQ PEACH,$2.88 ,GLPE,"1,104 ",5487.0,14,No,-0.00018221574344023939,0.7827389443651925
ADX6800115,2017/09,GL OPAQ PEACH,$2.88 ,GLPE,941 ,5484.0,14,No,-0.0005467468562055933,0.7823109843081313
ADX6800115,2017/10,GL OPAQ PEACH,$2.88 ,GLPE,904 ,4296.0,14,No,-0.21663019693654262,0.6128388017118402
ADX6800115,2017/11,GL OPAQ PEACH,$2.88 ,GLPE,890 ,3988.0,14,No,-0.07169459962756053,0.5689015691868758
ADX6800115,2017/12,GL OPAQ PEACH,$2.88 ,GLPE,"1,480 ",7671.0,14,No,0.9235205616850553,1.0942938659058488
ADX6800115,2018/01,GL OPAQ PEACH,$2.88 ,GLPE,897 ,4466.0,14,No,-0.4178073262938339,0.6370898716119828
ADX6800115,2018/02,GL OPAQ PEACH,$2.88 ,GLPE,"1,357 ",6175.0,14,No,0.3826690550828482,0.8808844507845934
ADX6800129,2017/03,BLACK NAVETTE,$2.88 ,BLACK,"1,088 ",6660.0,14,Yes,0.0,1.0
ADX6800129,2017/04,BLACK NAVETTE,$2.88 ,BLACK,"1,123 ",5602.0,14,Yes,-0.15885885885885886,0.8411411411411411
ADX6800129,2017/05,BLACK NAVETTE,$2.88 ,BLACK,"1,163 ",5874.0,14,Yes,0.048554087825776415,0.881981981981982
ADX6800129,2017/06,BLACK NAVETTE,$2.88 ,BLACK,929 ,5730.0,14,Yes,-0.024514811031664974,0.8603603603603603
ADX6800129,2017/07,BLACK NAVETTE,$2.88 ,BLACK,998 ,4790.0,14,Yes,-0.16404886561954624,0.7192192192192193
ADX6800129,2017/08,BLACK NAVETTE,$2.88 ,BLACK,"1,043 ",5289.0,14,Yes,0.1041753653444677,0.7941441441441441
ADX6800129,2017/09,BLACK NAVETTE,$2.88 ,BLACK,"1,160 ",7151.0,14,Yes,0.35205142749101914,1.0737237237237238
ADX6800129,2017/10,BLACK NAVETTE,$2.88 ,BLACK,"1,272 ",6596.0,14,Yes,-0.07761152286393513,0.9903903903903903
ADX6800129,2017/11,BLACK NAVETTE,$2.88 ,BLACK,"1,348 ",6554.0,14,Yes,-0.00636749545178894,0.9840840840840841
ADX6800129,2017/12,BLACK NAVETTE,$2.88 ,BLACK,"1,182 ",6982.0,14,Yes,0.0653036313701556,1.0483483483483484
ADX6800129,2018/01,BLACK NAVETTE,$2.88 ,BLACK,775 ,3349.0,14,Yes,-0.5203380120309367,0.5028528528528529
ADX6800129,2018/02,BLACK NAVETTE,$2.88 ,BLACK,846 ,3910.0,14,Yes,0.1675126903553299,0.5870870870870871
ADX6800160,2017/03,GL CRY CENTER STONE,$2.88 ,CRYST,"1,176 ",8368.0,14,Yes,0.0,1.0
ADX6800160,2017/04,GL CRY CENTER STONE,$2.88 ,CRYST,"1,260 ",7342.0,14,Yes,-0.12260994263862335,0.8773900573613767
ADX6800160,2017/05,GL CRY CENTER STONE,$2.88 ,CRYST,"1,636 ",9277.0,14,Yes,0.2635521656224462,1.1086281070745698
ADX6800160,2017/06,GL CRY CENTER STONE,$2.88 ,CRYST,"1,283 ",8703.0,14,Yes,-0.06187345046890158,1.0400334608030593
ADX6800160,2017/07,GL CRY CENTER STONE,$2.88 ,CRYST,"1,336 ",7421.0,14,Yes,-0.14730552682982878,0.8868307839388145
ADX6800160,2017/08,GL CRY CENTER STONE,$2.88 ,CRYST,"1,230 ",6480.0,14,Yes,-0.1268023177469344,0.7743785850860421
ADX6800160,2017/09,GL CRY CENTER STONE,$2.88 ,CRYST,"1,172 ",7906.0,14,Yes,0.22006172839506166,0.9447896749521989
ADX6800160,2017/10,GL CRY CENTER STONE,$2.88 ,CRYST,"1,077 ",6153.0,14,Yes,-0.2217303313938781,0.7353011472275335
ADX6800160,2017/11,GL CRY CENTER STONE,$2.88 ,CRYST,"1,095 ",6084.0,14,Yes,-0.011214041930765473,0.7270554493307839
ADX6800160,2017/12,GL CRY CENTER STONE,$2.88 ,CRYST,"1,304 ",7754.0,14,Yes,0.27449046679815914,0.9266252390057361
ADX6800160,2018/01,GL CRY CENTER STONE,$2.88 ,CRYST,808 ,3683.0,14,Yes,-0.5250193448542688,0.4401290630975143
ADX6800160,2018/02,GL CRY CENTER STONE,$2.88 ,CRYST,837 ,4412.0,14,Yes,0.19793646483844696,0.527246653919694
ADX6800163,2017/03,GL BLACK FLOWER,$2.88 ,GLBK,"1,051 ",6668.0,14,No,0.0,1.0
ADX6800163,2017/04,GL BLACK FLOWER,$2.88 ,GLBK,"1,028 ",5373.0,14,No,-0.19421115776844633,0.8057888422315537
ADX6800163,2017/05,GL BLACK FLOWER,$2.88 ,GLBK,"1,201 ",6359.0,14,No,0.18351014330913817,0.9536592681463707
ADX6800163,2017/06,GL BLACK FLOWER,$2.88 ,GLBK,970 ,6342.0,14,No,-0.0026733763170310176,0.9511097780443911
ADX6800163,2017/07,GL BLACK FLOWER,$2.88 ,GLBK,977 ,4980.0,14,No,-0.21475875118259224,0.7468506298740252
ADX6800163,2017/08,GL BLACK FLOWER,$2.88 ,GLBK,"1,014 ",5227.0,14,No,0.049598393574297184,0.7838932213557288
ADX6800163,2017/09,GL BLACK FLOWER,$2.88 ,GLBK,974 ,6056.0,14,No,0.15859957910847533,0.9082183563287343
ADX6800163,2017/10,GL BLACK FLOWER,$2.88 ,GLBK,982 ,5056.0,14,No,-0.16512549537648613,0.758248350329934
ADX6800163,2017/11,GL BLACK FLOWER,$2.88 ,GLBK,"1,004 ",4992.0,14,No,-0.012658227848101222,0.7486502699460108
ADX6800163,2017/12,GL BLACK FLOWER,$2.88 ,GLBK,"1,313 ",7727.0,14,No,0.5478766025641026,1.1588182363527295
ADX6800163,2018/01,GL BLACK FLOWER,$2.88 ,GLBK,824 ,3938.0,14,No,-0.49035848324058495,0.5905818836232753
ADX6800163,2018/02,GL BLACK FLOWER,$2.88 ,GLBK,969 ,4320.0,14,No,0.09700355510411374,0.647870425914817
ADX6800164,2017/03,GL BLK CENTER STONE,$2.88 ,BLACK,921 ,6062.0,14,Yes,0.0,1.0
ADX6800164,2017/04,GL BLK CENTER STONE,$2.88 ,BLACK,960 ,5125.0,14,Yes,-0.15456944902672387,0.8454305509732761
ADX6800164,2017/05,GL BLK CENTER STONE,$2.88 ,BLACK,989 ,4830.0,14,Yes,-0.05756097560975615,0.7967667436489607
ADX6800164,2017/06,GL BLK CENTER STONE,$2.88 ,BLACK,931 ,5488.0,14,Yes,0.13623188405797104,0.9053117782909931
ADX6800164,2017/07,GL BLK CENTER STONE,$2.88 ,BLACK,931 ,4657.0,14,Yes,-0.15142128279883382,0.7682283074892775
ADX6800164,2017/08,GL BLK CENTER STONE,$2.88 ,BLACK,"1,120 ",5721.0,14,Yes,0.22847326605110596,0.9437479379742659
ADX6800164,2017/09,GL BLK CENTER STONE,$2.88 ,BLACK,"1,214 ",7636.0,14,Yes,0.3347316902639399,1.2596502804354999
ADX6800164,2017/10,GL BLK CENTER STONE,$2.88 ,BLACK,"1,239 ",6690.0,14,Yes,-0.12388685175484548,1.1035961728802375
ADX6800164,2017/11,GL BLK CENTER STONE,$2.88 ,BLACK,"1,262 ",6693.0,14,Yes,0.0004484304932734773,1.104091059056417
ADX6800164,2017/12,GL BLK CENTER STONE,$2.88 ,BLACK,"1,351 ",8062.0,14,Yes,0.20454205886747356,1.3299241174529859
ADX6800164,2018/01,GL BLK CENTER STONE,$2.88 ,BLACK,835 ,3477.0,14,Yes,-0.5687174398412305,0.5735730781920159
ADX6800164,2018/02,GL BLK CENTER STONE,$2.88 ,BLACK,837 ,3920.0,14,Yes,0.12740868564854768,0.6466512702078522
ADX6800175,2017/03,SL LINEAR FEATHER,$2.88 ,SL,"1,275 ",6851.0,14,No,0.0,1.0
ADX6800175,2017/04,SL LINEAR FEATHER,$2.88 ,SL,"1,005 ",4821.0,14,No,-0.296307108451321,0.703692891548679
ADX6800175,2017/05,SL LINEAR FEATHER,$2.88 ,SL,"1,144 ",5366.0,14,No,0.11304708566687416,0.7832433221427528
ADX6800175,2017/06,SL LINEAR FEATHER,$2.88 ,SL,958 ,5530.0,14,No,0.030562802832650116,0.8071814333673917
ADX6800175,2017/07,SL LINEAR FEATHER,$2.88 ,SL,"1,025 ",4801.0,14,No,-0.13182640144665458,0.7007736096920157
ADX6800175,2017/08,SL LINEAR FEATHER,$2.88 ,SL,"1,071 ",5124.0,14,No,0.06727765048948142,0.7479200116771274
ADX6800175,2017/09,SL LINEAR FEATHER,$2.88 ,SL,946 ,5412.0,14,No,0.0562060889929743,0.7899576704130784
ADX6800175,2017/10,SL LINEAR FEATHER,$2.88 ,SL,912 ,4169.0,14,No,-0.22967479674796742,0.6085243030214568
ADX6800175,2017/11,SL LINEAR FEATHER,$2.88 ,SL,917 ,4213.0,14,No,0.01055408970976246,0.6149467231061159
ADX6800175,2017/12,SL LINEAR FEATHER,$2.88 ,SL,"1,312 ",6319.0,14,No,0.49988131972466165,0.9223471026127572
ADX6800175,2018/01,SL LINEAR FEATHER,$2.88 ,SL,802 ,3245.0,14,No,-0.48646937806614976,0.47365348124361406
ADX6800175,2018/02,SL LINEAR FEATHER,$2.88 ,SL,987 ,4269.0,14,No,0.31556240369799693,0.6231207123047731
ADX6800176,2017/03,GL VITRAL STUD,$2.88 ,GLGR,"1,512 ",8730.0,14,No,0.0,1.0
ADX6800176,2017/04,GL VITRAL STUD,$2.88 ,GLGR,"1,159 ",6224.0,14,No,-0.2870561282932417,0.7129438717067583
ADX6800176,2017/05,GL VITRAL STUD,$2.88 ,GLGR,"1,226 ",6324.0,14,No,0.016066838046272514,0.7243986254295532
ADX6800176,2017/06,GL VITRAL STUD,$2.88 ,GLGR,"1,096 ",6550.0,14,No,0.035736875395319334,0.7502863688430699
ADX6800176,2017/07,GL VITRAL STUD,$2.88 ,GLGR,"1,030 ",5050.0,14,No,-0.2290076335877863,0.5784650630011455
ADX6800176,2017/08,GL VITRAL STUD,$2.88 ,GLGR,"1,116 ",5640.0,14,No,0.11683168316831694,0.6460481099656358
ADX6800176,2017/09,GL VITRAL STUD,$2.88 ,GLGR,964 ,5768.0,14,No,0.02269503546099294,0.6607101947308133
ADX6800176,2017/10,GL VITRAL STUD,$2.88 ,GLGR,978 ,4778.0,14,No,-0.17163661581137313,0.5473081328751432
ADX6800176,2017/11,GL VITRAL STUD,$2.88 ,GLGR,995 ,4724.0,14,No,-0.011301799916282995,0.5411225658648339
ADX6800176,2017/12,GL VITRAL STUD,$2.88 ,GLGR,"1,512 ",7966.0,14,No,0.6862828111769688,0.9124856815578465
ADX6800176,2018/01,GL VITRAL STUD,$2.88 ,GLGR,939 ,4140.0,14,No,-0.4802912377604821,0.4742268041237113
ADX6800176,2018/02,GL VITRAL STUD,$2.88 ,GLGR,"1,087 ",4854.0,14,No,0.172463768115942,0.5560137457044674
ADX6800249,2017/03,GOLD ARROW,$2.88 ,GOLD,"1,525 ",8855.0,14,Yes,0.0,1.0
ADX6800249,2017/04,GOLD ARROW,$2.88 ,GOLD,"1,815 ",9630.0,14,Yes,0.08752117447769625,1.0875211744776963
ADX6800249,2017/05,GOLD ARROW,$2.88 ,GOLD,"1,460 ",8492.0,14,Yes,-0.1181723779854621,0.9590062111801242
ADX6800249,2017/06,GOLD ARROW,$2.88 ,GOLD,"1,597 ",10386.0,14,Yes,0.22303344324069707,1.1728966685488424
ADX6800249,2017/07,GOLD ARROW,$2.88 ,GOLD,"1,643 ",9310.0,14,Yes,-0.10360100134796846,1.051383399209486
ADX6800249,2017/08,GOLD ARROW,$2.88 ,GOLD,"1,638 ",9501.0,14,Yes,0.020515574650912916,1.072953133822699
ADX6800249,2017/09,GOLD ARROW,$2.88 ,GOLD,"1,565 ",10346.0,14,Yes,0.08893800652562889,1.1683794466403161
ADX6800249,2017/10,GOLD ARROW,$2.88 ,GOLD,"1,557 ",8595.0,14,Yes,-0.1692441523294027,0.9706380575945793
ADX6800249,2017/11,GOLD ARROW,$2.88 ,GOLD,"1,641 ",8380.0,14,Yes,-0.025014543339150652,0.9463579898362507
ADX6800249,2017/12,GOLD ARROW,$2.88 ,GOLD,"2,458 ",16187.0,14,Yes,0.9316229116945107,1.8280067758328629
ADX6800249,2018/01,GOLD ARROW,$2.88 ,GOLD,"1,070 ",4959.0,14,Yes,-0.6936430468894792,0.5600225861095426
ADX6800249,2018/02,GOLD ARROW,$2.88 ,GOLD,"1,318 ",5786.0,14,Yes,0.1667674934462593,0.653416149068323
ADX6800308,2017/03,F/B BK CRY FRINGE,$2.88 ,BLACK,"1,386 ",8169.0,14,Yes,0.0,1.0
ADX6800308,2017/04,F/B BK CRY FRINGE,$2.88 ,BLACK,"1,458 ",7530.0,14,Yes,-0.07822254865956668,0.9217774513404333
ADX6800308,2017/05,F/B BK CRY FRINGE,$2.88 ,BLACK,"1,434 ",6923.0,14,Yes,-0.08061088977423636,0.8474721508140531
ADX6800308,2017/06,F/B BK CRY FRINGE,$2.88 ,BLACK,"1,298 ",7519.0,14,Yes,0.08608984544272724,0.9204308972946506
ADX6800308,2017/07,F/B BK CRY FRINGE,$2.88 ,BLACK,"1,228 ",6021.0,14,Yes,-0.1992286208272377,0.7370547190598604
ADX6800308,2017/08,F/B BK CRY FRINGE,$2.88 ,BLACK,"1,266 ",6252.0,14,Yes,0.03836571998006977,0.7653323540213001
ADX6800308,2017/09,F/B BK CRY FRINGE,$2.88 ,BLACK,"1,258 ",7377.0,14,Yes,0.1799424184261036,0.9030481087036357
ADX6800308,2017/10,F/B BK CRY FRINGE,$2.88 ,BLACK,"1,525 ",7052.0,14,Yes,-0.044055849261217306,0.8632635573509609
ADX6800308,2017/11,F/B BK CRY FRINGE,$2.88 ,BLACK,"1,588 ",6571.0,14,Yes,-0.06820760068065801,0.8043824213490023
ADX6800308,2017/12,F/B BK CRY FRINGE,$2.88 ,BLACK,"1,520 ",8388.0,14,Yes,0.2765180337848121,1.0268086669114946
ADX6800308,2018/01,F/B BK CRY FRINGE,$2.88 ,BLACK,"1,060 ",4119.0,14,Yes,-0.5089413447782547,0.5042232831435917
ADX6800308,2018/02,F/B BK CRY FRINGE,$2.88 ,BLACK,"1,027 ",4448.0,14,Yes,0.07987375576596256,0.5444974905129146
ADX6800311,2017/03,F/B RG CRY FLWR/STAR,$2.88 ,CRYST,"1,382 ",8791.0,14,Yes,0.0,1.0
ADX6800311,2017/04,F/B RG CRY FLWR/STAR,$2.88 ,CRYST,"1,373 ",7213.0,14,Yes,-0.17950176316687516,0.8204982368331248
ADX6800311,2017/05,F/B RG CRY FLWR/STAR,$2.88 ,CRYST,"1,359 ",6574.0,14,Yes,-0.08859004575072782,0.7478102604936867
ADX6800311,2017/06,F/B RG CRY FLWR/STAR,$2.88 ,CRYST,"1,495 ",9723.0,14,Yes,0.4790082141770611,1.1060175179160505
ADX6800311,2017/07,F/B RG CRY FLWR/STAR,$2.88 ,CRYST,"1,408 ",7539.0,14,Yes,-0.22462203023758098,0.8575816175634171
ADX6800311,2017/08,F/B RG CRY FLWR/STAR,$2.88 ,CRYST,"1,342 ",6852.0,14,Yes,-0.09112614405093511,0.7794335115458992
ADX6800311,2017/09,F/B RG CRY FLWR/STAR,$2.88 ,CRYST,"1,235 ",7929.0,14,Yes,0.15718038528896683,0.9019451711978159
ADX6800311,2017/10,F/B RG CRY FLWR/STAR,$2.88 ,CRYST,"1,193 ",5986.0,14,Yes,-0.24504981712700213,0.6809236719372085
ADX6800311,2017/11,F/B RG CRY FLWR/STAR,$2.88 ,CRYST,"1,120 ",5635.0,14,Yes,-0.058636819244904825,0.6409964736662496
ADX6800311,2017/12,F/B RG CRY FLWR/STAR,$2.88 ,CRYST,"1,447 ",7482.0,14,Yes,0.3277728482697426,0.8510977135706973
ADX6800311,2018/01,F/B RG CRY FLWR/STAR,$2.88 ,CRYST,867 ,3357.0,14,Yes,-0.5513231756214916,0.3818678193607098
ADX6800311,2018/02,F/B RG CRY FLWR/STAR,$2.88 ,CRYST,951 ,4078.0,14,Yes,0.2147750968126303,0.46388351723353427
ADX6800313,2017/03,DUO WHITE PEARL,$2.88 ,PEARL,"2,227 ",21925.0,14,Yes,0.0,1.0
ADX6800313,2017/04,DUO WHITE PEARL,$2.88 ,PEARL,"2,552 ",20661.0,14,Yes,-0.05765108323831247,0.9423489167616875
ADX6800313,2017/05,DUO WHITE PEARL,$2.88 ,PEARL,"2,372 ",18338.0,14,Yes,-0.11243405449881416,0.8363968072976055
ADX6800313,2017/06,DUO WHITE PEARL,$2.88 ,PEARL,"2,336 ",23500.0,14,Yes,0.28149198385865426,1.071835803876853
ADX6800313,2017/07,DUO WHITE PEARL,$2.88 ,PEARL,"2,440 ",20179.0,14,Yes,-0.14131914893617026,0.9203648802736603
ADX6800313,2017/08,DUO WHITE PEARL,$2.88 ,PEARL,"2,392 ",19345.0,14,Yes,-0.041330095643986375,0.8823261117445839
ADX6800313,2017/09,DUO WHITE PEARL,$2.88 ,PEARL,"2,434 ",25560.0,14,Yes,0.3212716464202636,1.1657924743443557
ADX6800313,2017/10,DUO WHITE PEARL,$2.88 ,PEARL,"2,530 ",23710.0,14,Yes,-0.07237871674491392,1.0814139110604333
ADX6800313,2017/11,DUO WHITE PEARL,$2.88 ,PEARL,"2,526 ",22324.0,14,Yes,-0.05845634753268658,1.0181984036488028
ADX6800313,2017/12,DUO WHITE PEARL,$2.88 ,PEARL,"2,888 ",32943.0,14,Yes,0.4756764020784805,1.5025313568985177
ADX6800313,2018/01,DUO WHITE PEARL,$2.88 ,PEARL,"2,217 ",16591.0,14,Yes,-0.4963725222353762,0.7567160775370582
ADX6800313,2018/02,DUO WHITE PEARL,$2.88 ,PEARL,"2,284 ",18469.0,14,Yes,0.11319390030739562,0.8423717217787914
ADX6800381,2017/03,F/B PRL RG FIREBALL,$2.88 ,PEARL,978 ,5201.0,13,Yes,0.0,1.0
ADX6800381,2017/04,F/B PRL RG FIREBALL,$2.88 ,PEARL,968 ,4928.0,13,Yes,-0.05248990578734858,0.9475100942126514
ADX6800381,2017/05,F/B PRL RG FIREBALL,$2.88 ,PEARL,844 ,3934.0,13,Yes,-0.20170454545454541,0.756393001345895
ADX6800381,2017/06,F/B PRL RG FIREBALL,$2.88 ,PEARL,949 ,5680.0,13,Yes,0.4438230808337571,1.0920976735243222
ADX6800381,2017/07,F/B PRL RG FIREBALL,$2.88 ,PEARL,888 ,4434.0,13,Yes,-0.21936619718309858,0.8525283599307826
ADX6800381,2017/08,F/B PRL RG FIREBALL,$2.88 ,PEARL,"1,241 ",6033.0,13,Yes,0.3606224627875507,1.1599692366852528
ADX6800381,2017/09,F/B PRL RG FIREBALL,$2.88 ,PEARL,"1,283 ",8549.0,13,Yes,0.4170396154483673,1.643722361084407
ADX6800381,2017/10,F/B PRL RG FIREBALL,$2.88 ,PEARL,"1,250 ",6888.0,13,Yes,-0.1942917300269037,1.3243606998654105
ADX6800381,2017/11,F/B PRL RG FIREBALL,$2.88 ,PEARL,"1,272 ",6605.0,13,Yes,-0.04108594657375142,1.2699480869063642
ADX6800381,2017/12,F/B PRL RG FIREBALL,$2.88 ,PEARL,"1,511 ",8334.0,13,Yes,0.2617713853141559,1.6023841568929051
ADX6800381,2018/01,F/B PRL RG FIREBALL,$2.88 ,PEARL,812 ,3552.0,13,Yes,-0.5737940964722823,0.6829455873870409
ADX6800381,2018/02,F/B PRL RG FIREBALL,$2.88 ,PEARL,904 ,4011.0,13,Yes,0.12922297297297303,0.7711978465679677
ADX6800384,2017/03,F/B GOLD FRINGE,$2.88 ,GLCC,909 ,3958.0,13,No,0.0,1.0
ADX6800384,2017/04,F/B GOLD FRINGE,$2.88 ,GLCC,934 ,4378.0,13,No,0.10611419909044972,1.1061141990904497
ADX6800384,2017/05,F/B GOLD FRINGE,$2.88 ,GLCC,"1,117 ",5117.0,13,No,0.1687985381452719,1.2928246589186458
ADX6800384,2017/06,F/B GOLD FRINGE,$2.88 ,GLCC,895 ,5255.0,13,No,0.02696892710572607,1.3276907529055078
ADX6800384,2017/07,F/B GOLD FRINGE,$2.88 ,GLCC,902 ,4308.0,13,No,-0.18020932445290205,1.0884284992420414
ADX6800384,2017/08,F/B GOLD FRINGE,$2.88 ,GLCC,"1,000 ",4744.0,13,No,0.10120705663881147,1.1985851440121273
ADX6800384,2017/09,F/B GOLD FRINGE,$2.88 ,GLCC,996 ,5762.0,13,No,0.21458684654300164,1.4557857503789793
ADX6800384,2017/10,F/B GOLD FRINGE,$2.88 ,GLCC,"1,004 ",4827.0,13,No,-0.16227004512322107,1.21955533097524
ADX6800384,2017/11,F/B GOLD FRINGE,$2.88 ,GLCC,"1,073 ",4723.0,13,No,-0.02154547337891033,1.193279434057605
ADX6800384,2017/12,F/B GOLD FRINGE,$2.88 ,GLCC,"1,592 ",8118.0,13,No,0.7188227821300022,2.0510358767054067
ADX6800384,2018/01,F/B GOLD FRINGE,$2.88 ,GLCC,864 ,3590.0,13,No,-0.5577728504557773,0.9070237493683678
ADX6800384,2018/02,F/B GOLD FRINGE,$2.88 ,GLCC,"1,091 ",4550.0,13,No,0.2674094707520891,1.1495704901465387
ADX6802090,2017/03,9-ON ANCHOR/BOW,$4.88 ,CRYST,942 ,4682.0,14,Yes,0.0,1.0
ADX6802090,2017/04,9-ON ANCHOR/BOW,$4.88 ,CRYST,818 ,3589.0,14,Yes,-0.23344724476719347,0.7665527552328065
ADX6802090,2017/05,9-ON ANCHOR/BOW,$4.88 ,CRYST,734 ,3183.0,14,Yes,-0.11312343271106162,0.6798376762067493
ADX6802090,2017/06,9-ON ANCHOR/BOW,$4.88 ,CRYST,975 ,4742.0,14,Yes,0.48978950675463406,1.0128150363092696
ADX6802090,2017/07,9-ON ANCHOR/BOW,$4.88 ,CRYST,"1,018 ",4524.0,14,Yes,-0.045972163644032005,0.9662537377189235
ADX6802090,2017/08,9-ON ANCHOR/BOW,$4.88 ,CRYST,"1,011 ",4291.0,14,Yes,-0.0515030946065429,0.9164886800512602
ADX6802090,2017/09,9-ON ANCHOR/BOW,$4.88 ,CRYST,859 ,4964.0,14,Yes,0.15683989745979954,1.060230670653567
ADX6802090,2017/10,9-ON ANCHOR/BOW,$4.88 ,CRYST,786 ,3749.0,14,Yes,-0.24476228847703463,0.8007261853908586
ADX6802090,2017/11,9-ON ANCHOR/BOW,$4.88 ,CRYST,819 ,3738.0,14,Yes,-0.0029341157642037707,0.7983767620674925
ADX6802090,2017/12,9-ON ANCHOR/BOW,$4.88 ,CRYST,"1,470 ",6760.0,14,Yes,0.8084537185660781,1.4438274241777018
ADX6802090,2018/01,9-ON ANCHOR/BOW,$4.88 ,CRYST,565 ,2445.0,14,Yes,-0.6383136094674556,0.5222127296027339
ADX6802090,2018/02,9-ON ANCHOR/BOW,$4.88 ,CRYST,669 ,2883.0,14,Yes,0.1791411042944786,0.6157624946604016
ADX6802091,2017/03,6-ON CREAM FLOWER,$4.88 ,SLCRPR,764 ,4283.0,14,No,0.0,1.0
ADX6802091,2017/04,6-ON CREAM FLOWER,$4.88 ,SLCRPR,783 ,3361.0,14,No,-0.21526967079150128,0.7847303292084987
ADX6802091,2017/05,6-ON CREAM FLOWER,$4.88 ,SLCRPR,770 ,3104.0,14,No,-0.07646533769711394,0.7247256595844035
ADX6802091,2017/06,6-ON CREAM FLOWER,$4.88 ,SLCRPR,799 ,4135.0,14,No,0.33215206185567014,0.9654447816950735
ADX6802091,2017/07,6-ON CREAM FLOWER,$4.88 ,SLCRPR,827 ,3659.0,14,No,-0.11511487303506651,0.8543077282278777
ADX6802091,2017/08,6-ON CREAM FLOWER,$4.88 ,SLCRPR,809 ,3442.0,14,No,-0.05930582126264006,0.803642306794303
ADX6802091,2017/09,6-ON CREAM FLOWER,$4.88 ,SLCRPR,709 ,3865.0,14,No,0.12289366647298072,0.9024048564090591
ADX6802091,2017/10,6-ON CREAM FLOWER,$4.88 ,SLCRPR,639 ,2818.0,14,No,-0.2708926261319534,0.6579500350221807
ADX6802091,2017/11,6-ON CREAM FLOWER,$4.88 ,SLCRPR,639 ,2774.0,14,No,-0.015613910574875822,0.647676862012608
ADX6802091,2017/12,6-ON CREAM FLOWER,$4.88 ,SLCRPR,"1,178 ",5270.0,14,No,0.8997837058399423,1.2304459491010973
ADX6802091,2018/01,6-ON CREAM FLOWER,$4.88 ,SLCRPR,530 ,2366.0,14,No,-0.5510436432637571,0.5524165304692972
ADX6802091,2018/02,6-ON CREAM FLOWER,$4.88 ,SLCRPR,"1,139 ",4556.0,14,No,0.9256128486897717,1.0637403689003035
ADX6802093,2017/03,6PC SIL CRY RING SET,$4.88 ,CRYST,884 ,5396.0,14,Yes,0.0,1.0
ADX6802093,2017/04,6PC SIL CRY RING SET,$4.88 ,CRYST,905 ,4625.0,14,Yes,-0.14288361749444034,0.8571163825055597
ADX6802093,2017/05,6PC SIL CRY RING SET,$4.88 ,CRYST,"1,055 ",4859.0,14,Yes,0.0505945945945947,0.9004818383988139
ADX6802093,2017/06,6PC SIL CRY RING SET,$4.88 ,CRYST,"1,079 ",5971.0,14,Yes,0.2288536735953901,1.1065604151223127
ADX6802093,2017/07,6PC SIL CRY RING SET,$4.88 ,CRYST,"1,061 ",4971.0,14,Yes,-0.16747613465081224,0.9212379540400296
ADX6802093,2017/08,6PC SIL CRY RING SET,$4.88 ,CRYST,994 ,4769.0,14,Yes,-0.040635686984510144,0.8838028169014085
ADX6802093,2017/09,6PC SIL CRY RING SET,$4.88 ,CRYST,980 ,5977.0,14,Yes,0.253302579157056,1.1076723498888066
ADX6802093,2017/10,6PC SIL CRY RING SET,$4.88 ,CRYST,865 ,4269.0,14,Yes,-0.28576208800401537,0.7911415863602669
ADX6802093,2017/11,6PC SIL CRY RING SET,$4.88 ,CRYST,921 ,4375.0,14,Yes,0.024830171000234325,0.8107857672349889
ADX6802093,2017/12,6PC SIL CRY RING SET,$4.88 ,CRYST,"1,117 ",6198.0,14,Yes,0.4166857142857143,1.148628613787991
ADX6802093,2018/01,6PC SIL CRY RING SET,$4.88 ,CRYST,662 ,2543.0,14,Yes,-0.5897063568893192,0.4712750185322461
ADX6802093,2018/02,6PC SIL CRY RING SET,$4.88 ,CRYST,601 ,2614.0,14,Yes,0.027919779787652477,0.4844329132690882
ADX6802094,2017/03,6PC GL CRY OPEN RING,$4.88 ,GLCC,584 ,2991.0,14,No,0.0,1.0
ADX6802094,2017/04,6PC GL CRY OPEN RING,$4.88 ,GLCC,552 ,2371.0,14,No,-0.207288532263457,0.792711467736543
ADX6802094,2017/05,6PC GL CRY OPEN RING,$4.88 ,GLCC,535 ,2266.0,14,No,-0.04428511176718686,0.7576061517886994
ADX6802094,2017/06,6PC GL CRY OPEN RING,$4.88 ,GLCC,621 ,2985.0,14,No,0.3172992056487203,0.9979939819458375
ADX6802094,2017/07,6PC GL CRY OPEN RING,$4.88 ,GLCC,642 ,2302.0,14,No,-0.22881072026800675,0.7696422601136743
ADX6802094,2017/08,6PC GL CRY OPEN RING,$4.88 ,GLCC,663 ,2439.0,14,No,0.059513466550825456,0.8154463390170511
ADX6802094,2017/09,6PC GL CRY OPEN RING,$4.88 ,GLCC,752 ,4021.0,14,No,0.6486264862648627,1.344366432631227
ADX6802094,2017/10,6PC GL CRY OPEN RING,$4.88 ,GLCC,549 ,2343.0,14,No,-0.4173091270828152,0.7833500501504513
ADX6802094,2017/11,6PC GL CRY OPEN RING,$4.88 ,GLCC,684 ,2313.0,14,No,-0.012804097311139517,0.7733199598796389
ADX6802094,2017/12,6PC GL CRY OPEN RING,$4.88 ,GLCC,"1,088 ",5104.0,14,No,1.206658019887592,1.706452691407556
ADX6802094,2018/01,6PC GL CRY OPEN RING,$4.88 ,GLCC,574 ,2041.0,14,No,-0.6001175548589341,0.6823804747576061
ADX6802094,2018/02,6PC GL CRY OPEN RING,$4.88 ,GLCC,599 ,2324.0,14,No,0.138657520823126,0.7769976596456035
ADX6802096,2017/03,3PC GL CRY RING SET,$4.88 ,CRYST,760 ,4386.0,14,Yes,0.0,1.0
ADX6802096,2017/04,3PC GL CRY RING SET,$4.88 ,CRYST,713 ,3545.0,14,Yes,-0.19174646602827172,0.8082535339717283
ADX6802096,2017/05,3PC GL CRY RING SET,$4.88 ,CRYST,844 ,3761.0,14,Yes,0.060930888575458475,0.8575011399908801
ADX6802096,2017/06,3PC GL CRY RING SET,$4.88 ,CRYST,884 ,4501.0,14,Yes,0.19675618186652488,1.026219790241678
ADX6802096,2017/07,3PC GL CRY RING SET,$4.88 ,CRYST,828 ,3173.0,14,Yes,-0.2950455454343479,0.7234382124943001
ADX6802096,2017/08,3PC GL CRY RING SET,$4.88 ,CRYST,709 ,3079.0,14,Yes,-0.029624960605105555,0.7020063839489284
ADX6802096,2017/09,3PC GL CRY RING SET,$4.88 ,CRYST,783 ,4498.0,14,Yes,0.46086391685612216,1.0255357957136344
ADX6802096,2017/10,3PC GL CRY RING SET,$4.88 ,CRYST,795 ,3695.0,14,Yes,-0.17852378835037797,0.842453260373917
ADX6802096,2017/11,3PC GL CRY RING SET,$4.88 ,CRYST,761 ,3368.0,14,Yes,-0.08849797023004058,0.7678978568171455
ADX6802096,2017/12,3PC GL CRY RING SET,$4.88 ,CRYST,816 ,4174.0,14,Yes,0.239311163895487,0.9516643866849065
ADX6802096,2018/01,3PC GL CRY RING SET,$4.88 ,CRYST,573 ,1883.0,14,Yes,-0.548873981792046,0.42932056543547653
ADX6802096,2018/02,3PC GL CRY RING SET,$4.88 ,CRYST,519 ,2162.0,14,Yes,0.1481678173127987,0.49293205654354766
ADX6802175,2017/03,6-ON MLT FAUX STONE,$4.88 ,MULTI,"1,094 ",6495.0,14,Yes,0.0,1.0
ADX6802175,2017/04,6-ON MLT FAUX STONE,$4.88 ,MULTI,"1,033 ",4952.0,14,Yes,-0.23756735950731334,0.7624326404926867
ADX6802175,2017/05,6-ON MLT FAUX STONE,$4.88 ,MULTI,879 ,3738.0,14,Yes,-0.24515347334410342,0.5755196304849884
ADX6802175,2017/06,6-ON MLT FAUX STONE,$4.88 ,MULTI,995 ,5752.0,14,Yes,0.5387907972177635,0.885604311008468
ADX6802175,2017/07,6-ON MLT FAUX STONE,$4.88 ,MULTI,"1,166 ",5613.0,14,Yes,-0.024165507649513196,0.8642032332563511
ADX6802175,2017/08,6-ON MLT FAUX STONE,$4.88 ,MULTI,"1,114 ",5277.0,14,Yes,-0.0598610368786745,0.8124711316397228
ADX6802175,2017/09,6-ON MLT FAUX STONE,$4.88 ,MULTI,"1,130 ",7005.0,14,Yes,0.32745878339965895,1.0785219399538106
ADX6802175,2017/10,6-ON MLT FAUX STONE,$4.88 ,MULTI,"1,183 ",6030.0,14,Yes,-0.13918629550321204,0.9284064665127021
ADX6802175,2017/11,6-ON MLT FAUX STONE,$4.88 ,MULTI,"1,151 ",5897.0,14,Yes,-0.022056384742951907,0.9079291762894535
ADX6802175,2017/12,6-ON MLT FAUX STONE,$4.88 ,MULTI,"1,524 ",8064.0,14,Yes,0.3674749872816687,1.2415704387990762
ADX6802175,2018/01,6-ON MLT FAUX STONE,$4.88 ,MULTI,851 ,4005.0,14,Yes,-0.5033482142857143,0.6166281755196305
ADX6802175,2018/02,6-ON MLT FAUX STONE,$4.88 ,MULTI,872 ,4149.0,14,Yes,0.035955056179775235,0.6387990762124711
ADX6802176,2017/03,6-ON GLTQ SET -F/B,$4.88 ,TURQ,844 ,4584.0,14,Yes,0.0,1.0
ADX6802176,2017/04,6-ON GLTQ SET -F/B,$4.88 ,TURQ,792 ,3456.0,14,Yes,-0.24607329842931935,0.7539267015706806
ADX6802176,2017/05,6-ON GLTQ SET -F/B,$4.88 ,TURQ,"1,078 ",4632.0,14,Yes,0.3402777777777777,1.0104712041884816
ADX6802176,2017/06,6-ON GLTQ SET -F/B,$4.88 ,TURQ,953 ,5286.0,14,Yes,0.14119170984455964,1.1531413612565444
ADX6802176,2017/07,6-ON GLTQ SET -F/B,$4.88 ,TURQ,"1,029 ",4466.0,14,Yes,-0.15512674990541053,0.9742582897033158
ADX6802176,2017/08,6-ON GLTQ SET -F/B,$4.88 ,TURQ,919 ,3760.0,14,Yes,-0.15808329601433047,0.8202443280977313
ADX6802176,2017/09,6-ON GLTQ SET -F/B,$4.88 ,TURQ,884 ,4871.0,14,Yes,0.2954787234042553,1.0626090750436301
ADX6802176,2017/10,6-ON GLTQ SET -F/B,$4.88 ,TURQ,804 ,3599.0,14,Yes,-0.2611373434613016,0.7851221640488656
ADX6802176,2017/11,6-ON GLTQ SET -F/B,$4.88 ,TURQ,717 ,3252.0,14,Yes,-0.0964156710197277,0.7094240837696335
ADX6802176,2017/12,6-ON GLTQ SET -F/B,$4.88 ,TURQ,"1,159 ",5112.0,14,Yes,0.5719557195571956,1.1151832460732984
ADX6802176,2018/01,6-ON GLTQ SET -F/B,$4.88 ,TURQ,595 ,2585.0,14,Yes,-0.49432707355242567,0.5639179755671903
ADX6802176,2018/02,6-ON GLTQ SET -F/B,$4.88 ,TURQ,659 ,2901.0,14,Yes,0.12224371373307541,0.6328534031413613
ADX6802178,2017/03,6-ON GOLD SET -F/B,$4.88 ,MULTI,"1,151 ",7090.0,14,Yes,0.0,1.0
ADX6802178,2017/04,6-ON GOLD SET -F/B,$4.88 ,MULTI,"1,231 ",5589.0,14,Yes,-0.21170662905500703,0.788293370944993
ADX6802178,2017/05,6-ON GOLD SET -F/B,$4.88 ,MULTI,"1,246 ",6687.0,14,Yes,0.19645732689210949,0.9431593794076164
ADX6802178,2017/06,6-ON GOLD SET -F/B,$4.88 ,MULTI,"1,223 ",7525.0,14,Yes,0.12531778076865563,1.0613540197461213
ADX6802178,2017/07,6-ON GOLD SET -F/B,$4.88 ,MULTI,"1,024 ",4882.0,14,Yes,-0.35122923588039867,0.6885754583921015
ADX6802178,2017/08,6-ON GOLD SET -F/B,$4.88 ,MULTI,"1,264 ",5240.0,14,Yes,0.07333060221220822,0.7390691114245416
ADX6802178,2017/09,6-ON GOLD SET -F/B,$4.88 ,MULTI,"1,159 ",7447.0,14,Yes,0.4211832061068703,1.0503526093088857
ADX6802178,2017/10,6-ON GOLD SET -F/B,$4.88 ,MULTI,"1,155 ",5840.0,14,Yes,-0.21579159393044178,0.8236953455571228
ADX6802178,2017/11,6-ON GOLD SET -F/B,$4.88 ,MULTI,"1,177 ",6050.0,14,Yes,0.03595890410958913,0.8533145275035261
ADX6802178,2017/12,6-ON GOLD SET -F/B,$4.88 ,MULTI,"1,590 ",8675.0,14,Yes,0.43388429752066116,1.2235543018335684
ADX6802178,2018/01,6-ON GOLD SET -F/B,$4.88 ,MULTI,889 ,3496.0,14,Yes,-0.5970028818443804,0.4930888575458392
ADX6802178,2018/02,6-ON GOLD SET -F/B,$4.88 ,MULTI,823 ,3611.0,14,Yes,0.03289473684210531,0.5093088857545839
ADX6802179,2017/03,6-ON SLBK SET-F/B,$4.88 ,MULTI,939 ,5482.0,14,Yes,0.0,1.0
ADX6802179,2017/04,6-ON SLBK SET-F/B,$4.88 ,MULTI,916 ,4307.0,14,Yes,-0.21433783290769792,0.7856621670923021
ADX6802179,2017/05,6-ON SLBK SET-F/B,$4.88 ,MULTI,906 ,4089.0,14,Yes,-0.05061527745530536,0.7458956585187888
ADX6802179,2017/06,6-ON SLBK SET-F/B,$4.88 ,MULTI,"1,118 ",6278.0,14,Yes,0.5353387136219125,1.1452024808464065
ADX6802179,2017/07,6-ON SLBK SET-F/B,$4.88 ,MULTI,"1,148 ",5207.0,14,Yes,-0.17059573112456194,0.9498358263407516
ADX6802179,2017/08,6-ON SLBK SET-F/B,$4.88 ,MULTI,"1,091 ",4716.0,14,Yes,-0.09429613981179186,0.8602699744618753
ADX6802179,2017/09,6-ON SLBK SET-F/B,$4.88 ,MULTI,"1,057 ",6502.0,14,Yes,0.3787107718405429,1.1860634804815762
ADX6802179,2017/10,6-ON SLBK SET-F/B,$4.88 ,MULTI,"1,002 ",5093.0,14,Yes,-0.21670255306059671,0.9290404961692813
ADX6802179,2017/11,6-ON SLBK SET-F/B,$4.88 ,MULTI,"1,006 ",5067.0,14,Yes,-0.005105046141763214,0.9242977015687706
ADX6802179,2017/12,6-ON SLBK SET-F/B,$4.88 ,MULTI,"1,303 ",6488.0,14,Yes,0.2804420761791988,1.183509668004378
ADX6802179,2018/01,6-ON SLBK SET-F/B,$4.88 ,MULTI,740 ,3031.0,14,Yes,-0.532829839704069,0.5529004013133892
ADX6802179,2018/02,6-ON SLBK SET-F/B,$4.88 ,MULTI,772 ,3351.0,14,Yes,0.10557571758495543,0.6112732579350602
ADX6802186,2017/03,6PC MIX METAL RINGS,$4.88 ,GLSLRG,767 ,4136.0,14,No,0.0,1.0
ADX6802186,2017/04,6PC MIX METAL RINGS,$4.88 ,GLSLRG,810 ,3365.0,14,No,-0.18641199226305605,0.813588007736944
ADX6802186,2017/05,6PC MIX METAL RINGS,$4.88 ,GLSLRG,648 ,2579.0,14,No,-0.23358098068350663,0.6235493230174082
ADX6802186,2017/06,6PC MIX METAL RINGS,$4.88 ,GLSLRG,736 ,3861.0,14,No,0.49709189608375337,0.9335106382978723
ADX6802186,2017/07,6PC MIX METAL RINGS,$4.88 ,GLSLRG,868 ,3583.0,14,No,-0.07200207200207198,0.8662959381044487
ADX6802186,2017/08,6PC MIX METAL RINGS,$4.88 ,GLSLRG,732 ,3147.0,14,No,-0.12168573820820539,0.7608800773694391
ADX6802186,2017/09,6PC MIX METAL RINGS,$4.88 ,GLSLRG,767 ,4251.0,14,No,0.35081029551954246,1.0278046421663443
ADX6802186,2017/10,6PC MIX METAL RINGS,$4.88 ,GLSLRG,716 ,3192.0,14,No,-0.24911785462244174,0.7717601547388782
ADX6802186,2017/11,6PC MIX METAL RINGS,$4.88 ,GLSLRG,767 ,3226.0,14,No,0.01065162907268169,0.7799806576402321
ADX6802186,2017/12,6PC MIX METAL RINGS,$4.88 ,GLSLRG,"1,379 ",6783.0,14,No,1.1026038437693737,1.639990328820116
ADX6802186,2018/01,6PC MIX METAL RINGS,$4.88 ,GLSLRG,484 ,1725.0,14,No,-0.745687748783724,0.41706963249516443
ADX6802186,2018/02,6PC MIX METAL RINGS,$4.88 ,GLSLRG,510 ,1927.0,14,No,0.11710144927536237,0.4659090909090909
ADX6802187,2017/03,6PC SL/TQ RING SET,$4.88 ,TURQ,853 ,4324.0,14,Yes,0.0,1.0
ADX6802187,2017/04,6PC SL/TQ RING SET,$4.88 ,TURQ,813 ,3457.0,14,Yes,-0.20050878815911188,0.7994912118408881
ADX6802187,2017/05,6PC SL/TQ RING SET,$4.88 ,TURQ,706 ,2984.0,14,Yes,-0.1368238356956899,0.6901017576318224
ADX6802187,2017/06,6PC SL/TQ RING SET,$4.88 ,TURQ,832 ,4230.0,14,Yes,0.4175603217158177,0.9782608695652174
ADX6802187,2017/07,6PC SL/TQ RING SET,$4.88 ,TURQ,983 ,4208.0,14,Yes,-0.005200945626477549,0.973172987974098
ADX6802187,2017/08,6PC SL/TQ RING SET,$4.88 ,TURQ,894 ,3804.0,14,Yes,-0.0960076045627376,0.879740980573543
ADX6802187,2017/09,6PC SL/TQ RING SET,$4.88 ,TURQ,871 ,4856.0,14,Yes,0.27655099894847535,1.1230342275670675
ADX6802187,2017/10,6PC SL/TQ RING SET,$4.88 ,TURQ,903 ,3898.0,14,Yes,-0.19728171334431632,0.9014801110083256
ADX6802187,2017/11,6PC SL/TQ RING SET,$4.88 ,TURQ,871 ,3415.0,14,Yes,-0.1239096972806567,0.7897779833487512
ADX6802187,2017/12,6PC SL/TQ RING SET,$4.88 ,TURQ,"1,291 ",5890.0,14,Yes,0.7247437774524159,1.3621646623496761
ADX6802187,2018/01,6PC SL/TQ RING SET,$4.88 ,TURQ,632 ,2506.0,14,Yes,-0.5745331069609507,0.5795559666975023
ADX6802187,2018/02,6PC SL/TQ RING SET,$4.88 ,TURQ,666 ,2746.0,14,Yes,0.09577015163607339,0.6350601295097132
ADX6802188,2017/03,BK CIRCLE W/TASSLE,$4.88 ,BK,"1,013 ",5662.0,14,No,0.0,1.0
ADX6802188,2017/04,BK CIRCLE W/TASSLE,$4.88 ,BK,933 ,3793.0,14,No,-0.33009537265983746,0.6699046273401625
ADX6802188,2017/05,BK CIRCLE W/TASSLE,$4.88 ,BK,"1,061 ",4590.0,14,No,0.21012391247034,0.8106676086188626
ADX6802188,2017/06,BK CIRCLE W/TASSLE,$4.88 ,BK,978 ,5165.0,14,No,0.12527233115468417,0.9122218297421406
ADX6802188,2017/07,BK CIRCLE W/TASSLE,$4.88 ,BK,956 ,4267.0,14,No,-0.17386253630203297,0.7536206287530908
ADX6802188,2017/08,BK CIRCLE W/TASSLE,$4.88 ,BK,908 ,4184.0,14,No,-0.019451605343332568,0.7389614977039916
ADX6802188,2017/09,BK CIRCLE W/TASSLE,$4.88 ,BK,941 ,5014.0,14,No,0.19837476099426388,0.885552808194984
ADX6802188,2017/10,BK CIRCLE W/TASSLE,$4.88 ,BK,"1,054 ",4631.0,14,No,-0.07638611886717195,0.8179088661250442
ADX6802188,2017/11,BK CIRCLE W/TASSLE,$4.88 ,BK,"1,217 ",5079.0,14,No,0.09673936514791626,0.8970328505828329
ADX6802188,2017/12,BK CIRCLE W/TASSLE,$4.88 ,BK,"1,807 ",9422.0,14,No,0.8550895845638906,1.66407629812787
ADX6802188,2018/01,BK CIRCLE W/TASSLE,$4.88 ,BK,892 ,3221.0,14,No,-0.6581405221821269,0.5688802543270929
ADX6802188,2018/02,BK CIRCLE W/TASSLE,$4.88 ,BK,"1,265 ",5229.0,14,No,0.6234088792300527,0.9235252560932533
ADX6802206,2017/03,6-ON PEARL F/B FAN,$4.88 ,PEARL,942 ,4034.0,13,Yes,0.0,1.0
ADX6802206,2017/04,6-ON PEARL F/B FAN,$4.88 ,PEARL,"1,107 ",4655.0,13,Yes,0.15394149727317807,1.153941497273178
ADX6802206,2017/05,6-ON PEARL F/B FAN,$4.88 ,PEARL,"1,012 ",4511.0,13,Yes,-0.030934479054779862,1.1182449181953396
ADX6802206,2017/06,6-ON PEARL F/B FAN,$4.88 ,PEARL,915 ,4913.0,13,Yes,0.08911549545555308,1.2178978681209718
ADX6802206,2017/07,6-ON PEARL F/B FAN,$4.88 ,PEARL,906 ,4129.0,13,Yes,-0.15957663342153472,1.0235498264749627
ADX6802206,2017/08,6-ON PEARL F/B FAN,$4.88 ,PEARL,881 ,4216.0,13,Yes,0.021070477113102504,1.0451165096678234
ADX6802206,2017/09,6-ON PEARL F/B FAN,$4.88 ,PEARL,846 ,4879.0,13,Yes,0.157258064516129,1.2094695091720378
ADX6802206,2017/10,6-ON PEARL F/B FAN,$4.88 ,PEARL,809 ,3751.0,13,Yes,-0.23119491699118677,0.929846306395637
ADX6802206,2017/11,6-ON PEARL F/B FAN,$4.88 ,PEARL,792 ,3461.0,13,Yes,-0.07731271660890426,0.8579573624194348
ADX6802206,2017/12,6-ON PEARL F/B FAN,$4.88 ,PEARL,"1,096 ",5044.0,13,Yes,0.45738225946258315,1.2503718393653942
ADX6802206,2018/01,6-ON PEARL F/B FAN,$4.88 ,PEARL,628 ,2602.0,13,Yes,-0.4841395717684377,0.6450173525037184
ADX6802206,2018/02,6-ON PEARL F/B FAN,$4.88 ,PEARL,715 ,3084.0,13,Yes,0.18524212144504237,0.7645017352503718
ADX6802207,2017/03,6-ON CRYSTUD PRL F/B,$4.88 ,MULTI,"1,214 ",6208.0,13,Yes,0.0,1.0
ADX6802207,2017/04,6-ON CRYSTUD PRL F/B,$4.88 ,MULTI,"1,130 ",4099.0,13,Yes,-0.33972293814432986,0.6602770618556701
ADX6802207,2017/05,6-ON CRYSTUD PRL F/B,$4.88 ,MULTI,"1,093 ",4607.0,13,Yes,0.12393266650402546,0.7421069587628866
ADX6802207,2017/06,6-ON CRYSTUD PRL F/B,$4.88 ,MULTI,"1,118 ",5496.0,13,Yes,0.19296722378988496,0.8853092783505154
ADX6802207,2017/07,6-ON CRYSTUD PRL F/B,$4.88 ,MULTI,"1,428 ",6029.0,13,Yes,0.09697962154294038,0.9711662371134021
ADX6802207,2017/08,6-ON CRYSTUD PRL F/B,$4.88 ,MULTI,"1,251 ",5458.0,13,Yes,-0.09470890694974288,0.8791881443298969
ADX6802207,2017/09,6-ON CRYSTUD PRL F/B,$4.88 ,MULTI,"1,219 ",7883.0,13,Yes,0.4443019421033345,1.269813144329897
ADX6802207,2017/10,6-ON CRYSTUD PRL F/B,$4.88 ,MULTI,"1,256 ",6744.0,13,Yes,-0.14448813903336288,1.086340206185567
ADX6802207,2017/11,6-ON CRYSTUD PRL F/B,$4.88 ,MULTI,"1,186 ",5726.0,13,Yes,-0.1509489916963227,0.9223582474226805
ADX6802207,2017/12,6-ON CRYSTUD PRL F/B,$4.88 ,MULTI,"1,297 ",7236.0,13,Yes,0.26370939573873553,1.1655927835051547
ADX6802207,2018/01,6-ON CRYSTUD PRL F/B,$4.88 ,MULTI,816 ,3329.0,13,Yes,-0.5399391929242676,0.536243556701031
ADX6802207,2018/02,6-ON CRYSTUD PRL F/B,$4.88 ,MULTI,784 ,3661.0,13,Yes,0.09972964854310606,0.5897229381443299
ADX6802213,2017/03,6-ON SMALL HOOP,$4.88 ,GL,143 ,452.0,13,No,0.0,1.0
ADX6802213,2017/04,6-ON SMALL HOOP,$4.88 ,GL,134 ,522.0,13,No,0.15486725663716805,1.154867256637168
ADX6802213,2017/05,6-ON SMALL HOOP,$4.88 ,GL,155 ,551.0,13,No,0.05555555555555558,1.2190265486725664
ADX6802213,2017/06,6-ON SMALL HOOP,$4.88 ,GL,113 ,554.0,13,No,0.005444646098003547,1.2256637168141593
ADX6802213,2017/07,6-ON SMALL HOOP,$4.88 ,GL,121 ,434.0,13,No,-0.21660649819494582,0.9601769911504425
ADX6802213,2017/08,6-ON SMALL HOOP,$4.88 ,GL,121 ,448.0,13,No,0.032258064516129004,0.9911504424778761
ADX6802213,2017/09,6-ON SMALL HOOP,$4.88 ,GL,169 ,764.0,13,No,0.7053571428571428,1.6902654867256637
ADX6802213,2017/10,6-ON SMALL HOOP,$4.88 ,GL,165 ,675.0,13,No,-0.11649214659685869,1.4933628318584071
ADX6802213,2017/11,6-ON SMALL HOOP,$4.88 ,GL,130 ,496.0,13,No,-0.2651851851851852,1.0973451327433628
ADX6802213,2017/12,6-ON SMALL HOOP,$4.88 ,GL,144 ,656.0,13,No,0.32258064516129026,1.4513274336283186
ADX6802213,2018/01,6-ON SMALL HOOP,$4.88 ,GL,69 ,276.0,13,No,-0.5792682926829269,0.6106194690265486
ADX6802213,2018/02,6-ON SMALL HOOP,$4.88 ,GL,162 ,607.0,13,No,1.1992753623188408,1.342920353982301
ADX6802231,2017/03,4PC GL/PRL RING SET,$4.88 ,MULTI,951 ,4161.0,13,Yes,0.0,1.0
ADX6802231,2017/04,4PC GL/PRL RING SET,$4.88 ,MULTI,843 ,3601.0,13,Yes,-0.1345830329247777,0.8654169670752223
ADX6802231,2017/05,4PC GL/PRL RING SET,$4.88 ,MULTI,"1,006 ",4281.0,13,Yes,0.18883643432379893,1.0288392213410238
ADX6802231,2017/06,4PC GL/PRL RING SET,$4.88 ,MULTI,543 ,2303.0,13,Yes,-0.4620415790703106,0.5534727229031483
ADX6802231,2017/07,4PC GL/PRL RING SET,$4.88 ,MULTI,867 ,3889.0,13,Yes,0.6886669561441598,0.9346310982936794
ADX6802231,2017/08,4PC GL/PRL RING SET,$4.88 ,MULTI,924 ,4554.0,13,Yes,0.17099511442530213,1.094448449891853
ADX6802231,2017/09,4PC GL/PRL RING SET,$4.88 ,MULTI,871 ,5060.0,13,Yes,0.11111111111111116,1.2160538332131698
ADX6802231,2017/10,4PC GL/PRL RING SET,$4.88 ,MULTI,893 ,4149.0,13,Yes,-0.18003952569169956,0.9971160778658976
ADX6802231,2017/11,4PC GL/PRL RING SET,$4.88 ,MULTI,902 ,4089.0,13,Yes,-0.014461315979754197,0.9826964671953857
ADX6802231,2017/12,4PC GL/PRL RING SET,$4.88 ,MULTI,"1,194 ",5625.0,13,Yes,0.37564196625091717,1.3518385003604902
ADX6802231,2018/01,4PC GL/PRL RING SET,$4.88 ,MULTI,704 ,2335.0,13,Yes,-0.5848888888888889,0.5611631819274213
ADX6802231,2018/02,4PC GL/PRL RING SET,$4.88 ,MULTI,620 ,2559.0,13,Yes,0.09593147751606002,0.6149963950973324
ADX6802267,2017/03,SILVER TURQ BRACELET,$4.88 ,TURQ,"1,058 ",4628.0,13,Yes,0.0,1.0
ADX6802267,2017/04,SILVER TURQ BRACELET,$4.88 ,TURQ,"1,069 ",5016.0,13,Yes,0.08383751080380297,1.083837510803803
ADX6802267,2017/05,SILVER TURQ BRACELET,$4.88 ,TURQ,"1,357 ",6380.0,13,Yes,0.27192982456140347,1.3785652549697494
ADX6802267,2017/06,SILVER TURQ BRACELET,$4.88 ,TURQ,975 ,5859.0,13,Yes,-0.08166144200626957,1.265989628349179
ADX6802267,2017/07,SILVER TURQ BRACELET,$4.88 ,TURQ,"1,010 ",4743.0,13,Yes,-0.19047619047619047,1.0248487467588592
ADX6802267,2017/08,SILVER TURQ BRACELET,$4.88 ,TURQ,"1,053 ",4819.0,13,Yes,0.016023613746573906,1.0412705272255833
ADX6802267,2017/09,SILVER TURQ BRACELET,$4.88 ,TURQ,887 ,4826.0,13,Yes,0.0014525835235525975,1.0427830596369922
ADX6802267,2017/10,SILVER TURQ BRACELET,$4.88 ,TURQ,816 ,3488.0,13,Yes,-0.27724823870700377,0.7536732929991357
ADX6802267,2017/11,SILVER TURQ BRACELET,$4.88 ,TURQ,732 ,2871.0,13,Yes,-0.17689220183486243,0.6203543647363872
ADX6802267,2017/12,SILVER TURQ BRACELET,$4.88 ,TURQ,"1,449 ",6138.0,13,Yes,1.1379310344827585,1.3262748487467588
ADX6802267,2018/01,SILVER TURQ BRACELET,$4.88 ,TURQ,443 ,1648.0,13,Yes,-0.7315086347344412,0.3560933448573898
ADX6802267,2018/02,SILVER TURQ BRACELET,$4.88 ,TURQ,541 ,2027.0,13,Yes,0.22997572815533984,0.43798617113223853
ADX6807039,2017/03,"SILVR SNAKE 18"" NECK",$2.88 ,SL,"1,399 ",10443.0,14,No,0.0,1.0
ADX6807039,2017/04,"SILVR SNAKE 18"" NECK",$2.88 ,SL,"1,440 ",8671.0,14,No,-0.16968304127166522,0.8303169587283348
ADX6807039,2017/05,"SILVR SNAKE 18"" NECK",$2.88 ,SL,"1,610 ",9692.0,14,No,0.11774881789874292,0.9280857990998755
ADX6807039,2017/06,"SILVR SNAKE 18"" NECK",$2.88 ,SL,"1,358 ",9946.0,14,No,0.026207181180355033,0.9524083117878004
ADX6807039,2017/07,"SILVR SNAKE 18"" NECK",$2.88 ,SL,"1,456 ",8821.0,14,No,-0.11311079831087878,0.8446806473235661
ADX6807039,2017/08,"SILVR SNAKE 18"" NECK",$2.88 ,SL,"1,446 ",8924.0,14,No,0.011676680648452509,0.8545437134922915
ADX6807039,2017/09,"SILVR SNAKE 18"" NECK",$2.88 ,SL,"1,330 ",9482.0,14,No,0.06252801434334376,0.9079766350665518
ADX6807039,2017/10,"SILVR SNAKE 18"" NECK",$2.88 ,SL,"1,157 ",6635.0,14,No,-0.3002531111579836,0.6353538255290625
ADX6807039,2017/11,"SILVR SNAKE 18"" NECK",$2.88 ,SL,"1,109 ",6540.0,14,No,-0.014318010550113058,0.6262568227520827
ADX6807039,2017/12,"SILVR SNAKE 18"" NECK",$2.88 ,SL,"1,762 ",13392.0,14,No,1.0477064220183485,1.2823901177822465
ADX6807039,2018/01,"SILVR SNAKE 18"" NECK",$2.88 ,SL,"1,132 ",6292.0,14,No,-0.5301672640382318,0.602508857607967
ADX6807039,2018/02,"SILVR SNAKE 18"" NECK",$2.88 ,SL,959 ,6420.0,14,No,0.020343293070565815,0.6147658718758977
ADX6811001,2017/03,GL/CRY BRACE EAR SET,$9.88 ,GLCC,159 ,754.0,14,No,0.0,1.0
ADX6811001,2017/04,GL/CRY BRACE EAR SET,$9.88 ,GLCC,201 ,701.0,14,No,-0.07029177718832891,0.9297082228116711
ADX6811001,2017/05,GL/CRY BRACE EAR SET,$9.88 ,GLCC,237 ,940.0,14,No,0.34094151212553503,1.246684350132626
ADX6811001,2017/06,GL/CRY BRACE EAR SET,$9.88 ,GLCC,180 ,778.0,14,No,-0.17234042553191486,1.0318302387267904
ADX6811001,2017/07,GL/CRY BRACE EAR SET,$9.88 ,GLCC,153 ,609.0,14,No,-0.2172236503856041,0.8076923076923077
ADX6811001,2017/08,GL/CRY BRACE EAR SET,$9.88 ,GLCC,184 ,649.0,14,No,0.06568144499178974,0.8607427055702918
ADX6811001,2017/09,GL/CRY BRACE EAR SET,$9.88 ,GLCC,162 ,777.0,14,No,0.19722650231124805,1.030503978779841
ADX6811001,2017/10,GL/CRY BRACE EAR SET,$9.88 ,GLCC,177 ,556.0,14,No,-0.2844272844272844,0.7374005305039788
ADX6811001,2017/11,GL/CRY BRACE EAR SET,$9.88 ,GLCC,122 ,478.0,14,No,-0.14028776978417268,0.6339522546419099
ADX6811001,2017/12,GL/CRY BRACE EAR SET,$9.88 ,GLCC,259 ,1011.0,14,No,1.1150627615062763,1.3408488063660478
ADX6811001,2018/01,GL/CRY BRACE EAR SET,$9.88 ,GLCC,91 ,230.0,14,No,-0.7725024727992087,0.3050397877984085
ADX6811001,2018/02,GL/CRY BRACE EAR SET,$9.88 ,GLCC,110 ,355.0,14,No,0.5434782608695652,0.4708222811671088
ADX6811004,2017/03,STR SOC CASTED BRAC,$7.88 ,SLCC,790 ,4029.0,14,No,0.0,1.0
ADX6811004,2017/04,STR SOC CASTED BRAC,$7.88 ,SLCC,"1,107 ",4575.0,14,No,0.1355174981384959,1.135517498138496
ADX6811004,2017/05,STR SOC CASTED BRAC,$7.88 ,SLCC,"1,168 ",4676.0,14,No,0.02207650273224049,1.1605857532886572
ADX6811004,2017/06,STR SOC CASTED BRAC,$7.88 ,SLCC,743 ,4090.0,14,No,-0.12532078699743365,1.0151402333085133
ADX6811004,2017/07,STR SOC CASTED BRAC,$7.88 ,SLCC,785 ,3279.0,14,No,-0.19828850855745717,0.813849590469099
ADX6811004,2017/08,STR SOC CASTED BRAC,$7.88 ,SLCC,649 ,2725.0,14,No,-0.16895394937480934,0.6763464879622735
ADX6811004,2017/09,STR SOC CASTED BRAC,$7.88 ,SLCC,758 ,3735.0,14,No,0.3706422018348623,0.9270290394638868
ADX6811004,2017/10,STR SOC CASTED BRAC,$7.88 ,SLCC,763 ,3025.0,14,No,-0.19009370816599735,0.7508066517746339
ADX6811004,2017/11,STR SOC CASTED BRAC,$7.88 ,SLCC,546 ,2132.0,14,No,-0.29520661157024797,0.5291635641598411
ADX6811004,2017/12,STR SOC CASTED BRAC,$7.88 ,SLCC,"1,241 ",5724.0,14,No,1.6848030018761726,1.4206999255398363
ADX6811004,2018/01,STR SOC CASTED BRAC,$7.88 ,SLCC,717 ,2322.0,14,No,-0.5943396226415094,0.5763216679076694
ADX6811004,2018/02,STR SOC CASTED BRAC,$7.88 ,SLCC,912 ,3537.0,14,No,0.5232558139534884,0.877885331347729
ADX6812008,2017/03,SOCIAL SWIRL Y NE SE,$9.88 ,CRYST,512 ,2407.0,14,Yes,0.0,1.0
ADX6812008,2017/04,SOCIAL SWIRL Y NE SE,$9.88 ,CRYST,757 ,2728.0,14,Yes,0.13336103032820934,1.1333610303282093
ADX6812008,2017/05,SOCIAL SWIRL Y NE SE,$9.88 ,CRYST,753 ,2471.0,14,Yes,-0.09420821114369504,1.0265891150810138
ADX6812008,2017/06,SOCIAL SWIRL Y NE SE,$9.88 ,CRYST,552 ,2362.0,14,Yes,-0.04411169566976936,0.9813045284586622
ADX6812008,2017/07,SOCIAL SWIRL Y NE SE,$9.88 ,CRYST,525 ,1818.0,14,Yes,-0.23031329381879762,0.7552970502700457
ADX6812008,2017/08,SOCIAL SWIRL Y NE SE,$9.88 ,CRYST,427 ,1531.0,14,Yes,-0.1578657865786579,0.6360614873286249
ADX6812008,2017/09,SOCIAL SWIRL Y NE SE,$9.88 ,CRYST,627 ,2441.0,14,Yes,0.5943827563683868,1.0141254673867885
ADX6812008,2017/10,SOCIAL SWIRL Y NE SE,$9.88 ,CRYST,620 ,2264.0,14,Yes,-0.07251126587464152,0.94058994599086
ADX6812008,2017/11,SOCIAL SWIRL Y NE SE,$9.88 ,CRYST,481 ,1695.0,14,Yes,-0.2513250883392226,0.7041960947237225
ADX6812008,2017/12,SOCIAL SWIRL Y NE SE,$9.88 ,CRYST,621 ,2716.0,14,Yes,0.6023598820058997,1.1283755712505192
ADX6812008,2018/01,SOCIAL SWIRL Y NE SE,$9.88 ,CRYST,386 ,1033.0,14,Yes,-0.6196612665684831,0.42916493560448693
ADX6812008,2018/02,SOCIAL SWIRL Y NE SE,$9.88 ,CRYST,403 ,1245.0,14,Yes,0.2052274927395934,0.5172413793103449
ADX6812010,2017/03,SOCIAL 5 LOOP NE SET,$9.88 ,SLCC,369 ,1721.0,14,No,0.0,1.0
ADX6812010,2017/04,SOCIAL 5 LOOP NE SET,$9.88 ,SLCC,488 ,1842.0,14,No,0.0703079604880883,1.0703079604880883
ADX6812010,2017/05,SOCIAL 5 LOOP NE SET,$9.88 ,SLCC,587 ,2091.0,14,No,0.1351791530944626,1.2149912841371295
ADX6812010,2017/06,SOCIAL 5 LOOP NE SET,$9.88 ,SLCC,346 ,1599.0,14,No,-0.23529411764705888,0.9291109819872168
ADX6812010,2017/07,SOCIAL 5 LOOP NE SET,$9.88 ,SLCC,432 ,1503.0,14,No,-0.060037523452157626,0.873329459616502
ADX6812010,2017/08,SOCIAL 5 LOOP NE SET,$9.88 ,SLCC,475 ,1704.0,14,No,0.1337325349301397,0.990122022080186
ADX6812010,2017/09,SOCIAL 5 LOOP NE SET,$9.88 ,SLCC,576 ,2458.0,14,No,0.442488262910798,1.4282393957001742
ADX6812010,2017/10,SOCIAL 5 LOOP NE SET,$9.88 ,SLCC,573 ,2103.0,14,No,-0.144426362896664,1.221963974433469
ADX6812010,2017/11,SOCIAL 5 LOOP NE SET,$9.88 ,SLCC,521 ,1765.0,14,No,-0.16072277698525916,1.0255665310865776
ADX6812010,2017/12,SOCIAL 5 LOOP NE SET,$9.88 ,SLCC,728 ,3225.0,14,No,0.8271954674220963,1.873910517141197
ADX6812010,2018/01,SOCIAL 5 LOOP NE SET,$9.88 ,SLCC,392 ,1193.0,14,No,-0.6300775193798449,0.6932016269610691
ADX6812010,2018/02,SOCIAL 5 LOOP NE SET,$9.88 ,SLCC,422 ,1582.0,14,No,0.3260687342833193,0.9192330040674027
ADX6812012,2017/03,GOLD PEARL NE SET,$9.88 ,PEARL,311 ,1435.0,14,Yes,0.0,1.0
ADX6812012,2017/04,GOLD PEARL NE SET,$9.88 ,PEARL,406 ,1540.0,14,Yes,0.07317073170731714,1.0731707317073171
ADX6812012,2017/05,GOLD PEARL NE SET,$9.88 ,PEARL,541 ,2025.0,14,Yes,0.31493506493506485,1.411149825783972
ADX6812012,2017/06,GOLD PEARL NE SET,$9.88 ,PEARL,414 ,1706.0,14,Yes,-0.15753086419753082,1.1888501742160278
ADX6812012,2017/07,GOLD PEARL NE SET,$9.88 ,PEARL,409 ,1279.0,14,Yes,-0.2502930832356389,0.8912891986062718
ADX6812012,2017/08,GOLD PEARL NE SET,$9.88 ,PEARL,403 ,1659.0,14,Yes,0.2971071149335418,1.1560975609756097
ADX6812012,2017/09,GOLD PEARL NE SET,$9.88 ,PEARL,425 ,1991.0,14,Yes,0.20012055455093436,1.3874564459930314
ADX6812012,2017/10,GOLD PEARL NE SET,$9.88 ,PEARL,418 ,1536.0,14,Yes,-0.2285283776996484,1.070383275261324
ADX6812012,2017/11,GOLD PEARL NE SET,$9.88 ,PEARL,339 ,1320.0,14,Yes,-0.140625,0.9198606271777003
ADX6812012,2017/12,GOLD PEARL NE SET,$9.88 ,PEARL,529 ,2166.0,14,Yes,0.6409090909090909,1.5094076655052264
ADX6812012,2018/01,GOLD PEARL NE SET,$9.88 ,PEARL,198 ,598.0,14,Yes,-0.7239150507848569,0.41672473867595816
ADX6812012,2018/02,GOLD PEARL NE SET,$9.88 ,PEARL,228 ,749.0,14,Yes,0.2525083612040133,0.5219512195121951
ADX6812013,2017/03,JET PEARL NE SET,$9.88 ,SLJT,163 ,684.0,14,No,0.0,1.0
ADX6812013,2017/04,JET PEARL NE SET,$9.88 ,SLJT,181 ,590.0,14,No,-0.13742690058479534,0.8625730994152047
ADX6812013,2017/05,JET PEARL NE SET,$9.88 ,SLJT,186 ,610.0,14,No,0.03389830508474567,0.8918128654970761
ADX6812013,2017/06,JET PEARL NE SET,$9.88 ,SLJT,146 ,576.0,14,No,-0.05573770491803276,0.8421052631578947
ADX6812013,2017/07,JET PEARL NE SET,$9.88 ,SLJT,148 ,484.0,14,No,-0.1597222222222222,0.7076023391812866
ADX6812013,2017/08,JET PEARL NE SET,$9.88 ,SLJT,172 ,647.0,14,No,0.3367768595041323,0.945906432748538
ADX6812013,2017/09,JET PEARL NE SET,$9.88 ,SLJT,197 ,824.0,14,No,0.27357032457496144,1.2046783625730995
ADX6812013,2017/10,JET PEARL NE SET,$9.88 ,SLJT,177 ,618.0,14,No,-0.25,0.9035087719298246
ADX6812013,2017/11,JET PEARL NE SET,$9.88 ,SLJT,151 ,554.0,14,No,-0.1035598705501618,0.8099415204678363
ADX6812013,2017/12,JET PEARL NE SET,$9.88 ,SLJT,281 ,1032.0,14,No,0.8628158844765343,1.5087719298245614
ADX6812013,2018/01,JET PEARL NE SET,$9.88 ,SLJT,106 ,336.0,14,No,-0.6744186046511628,0.49122807017543857
ADX6812013,2018/02,JET PEARL NE SET,$9.88 ,SLJT,136 ,438.0,14,No,0.3035714285714286,0.6403508771929824
ADX6812014,2017/03,SNGLE PEARL DROP SET,$7.88 ,SLCR,275 ,1284.0,14,No,0.0,1.0
ADX6812014,2017/04,SNGLE PEARL DROP SET,$7.88 ,SLCR,217 ,877.0,14,No,-0.3169781931464174,0.6830218068535826
ADX6812014,2017/05,SNGLE PEARL DROP SET,$7.88 ,SLCR,279 ,969.0,14,No,0.10490307867730908,0.7546728971962616
ADX6812014,2017/06,SNGLE PEARL DROP SET,$7.88 ,SLCR,186 ,870.0,14,No,-0.10216718266253866,0.677570093457944
ADX6812014,2017/07,SNGLE PEARL DROP SET,$7.88 ,SLCR,177 ,662.0,14,No,-0.23908045977011494,0.5155763239875389
ADX6812014,2017/08,SNGLE PEARL DROP SET,$7.88 ,SLCR,162 ,681.0,14,No,0.028700906344410804,0.530373831775701
ADX6812014,2017/09,SNGLE PEARL DROP SET,$7.88 ,SLCR,176 ,849.0,14,No,0.24669603524229067,0.6612149532710281
ADX6812014,2017/10,SNGLE PEARL DROP SET,$7.88 ,SLCR,197 ,783.0,14,No,-0.07773851590106007,0.6098130841121495
ADX6812014,2017/11,SNGLE PEARL DROP SET,$7.88 ,SLCR,173 ,681.0,14,No,-0.13026819923371646,0.530373831775701
ADX6812014,2017/12,SNGLE PEARL DROP SET,$7.88 ,SLCR,308 ,1387.0,14,No,1.0367107195301029,1.0802180685358256
ADX6812014,2018/01,SNGLE PEARL DROP SET,$7.88 ,SLCR,123 ,468.0,14,No,-0.6625811103100216,0.3644859813084112
ADX6812014,2018/02,SNGLE PEARL DROP SET,$7.88 ,SLCR,233 ,797.0,14,No,0.7029914529914529,0.6207165109034268
ADX6812028,2017/03,HEM ROSE/CRY STONE,$7.88 ,HMPCCC,372 ,1681.0,14,No,0.0,1.0
ADX6812028,2017/04,HEM ROSE/CRY STONE,$7.88 ,HMPCCC,533 ,1921.0,14,No,0.1427721594289113,1.1427721594289113
ADX6812028,2017/05,HEM ROSE/CRY STONE,$7.88 ,HMPCCC,723 ,2543.0,14,No,0.32378969286829773,1.51279000594884
ADX6812028,2017/06,HEM ROSE/CRY STONE,$7.88 ,HMPCCC,413 ,1998.0,14,No,-0.21431380259535981,1.188578227245687
ADX6812028,2017/07,HEM ROSE/CRY STONE,$7.88 ,HMPCCC,391 ,1545.0,14,No,-0.22672672672672678,0.9190957763236169
ADX6812028,2017/08,HEM ROSE/CRY STONE,$7.88 ,HMPCCC,385 ,1518.0,14,No,-0.01747572815533982,0.9030339083878643
ADX6812028,2017/09,HEM ROSE/CRY STONE,$7.88 ,HMPCCC,378 ,1776.0,14,No,0.1699604743083003,1.056513979773944
ADX6812028,2017/10,HEM ROSE/CRY STONE,$7.88 ,HMPCCC,380 ,1407.0,14,No,-0.20777027027027029,0.8370017846519928
ADX6812028,2017/11,HEM ROSE/CRY STONE,$7.88 ,HMPCCC,432 ,1434.0,14,No,0.019189765458422103,0.8530636525877454
ADX6812028,2017/12,HEM ROSE/CRY STONE,$7.88 ,HMPCCC,752 ,2995.0,14,No,1.088563458856346,1.7816775728732896
ADX6812028,2018/01,HEM ROSE/CRY STONE,$7.88 ,HMPCCC,264 ,798.0,14,No,-0.7335559265442404,0.47471743010113027
ADX6812028,2018/02,HEM ROSE/CRY STONE,$7.88 ,HMPCCC,461 ,1442.0,14,No,0.8070175438596492,0.8578227245687091
ADX6812031,2017/03,SL CRY NO OTHER LIKE,$4.88 ,SLCC,670 ,3684.0,14,No,0.0,1.0
ADX6812031,2017/04,SL CRY NO OTHER LIKE,$4.88 ,SLCC,826 ,3872.0,14,No,0.05103148751357223,1.0510314875135722
ADX6812031,2017/05,SL CRY NO OTHER LIKE,$4.88 ,SLCC,807 ,3634.0,14,No,-0.06146694214876036,0.9864277958740499
ADX6812031,2017/06,SL CRY NO OTHER LIKE,$4.88 ,SLCC,890 ,5014.0,14,No,0.379746835443038,1.3610206297502714
ADX6812031,2017/07,SL CRY NO OTHER LIKE,$4.88 ,SLCC,747 ,3180.0,14,No,-0.36577582768248906,0.8631921824104235
ADX6812031,2017/08,SL CRY NO OTHER LIKE,$4.88 ,SLCC,"1,019 ",4355.0,14,No,0.3694968553459119,1.1821389793702497
ADX6812031,2017/09,SL CRY NO OTHER LIKE,$4.88 ,SLCC,"1,036 ",6506.0,14,No,0.4939150401836969,1.766015200868621
ADX6812031,2017/10,SL CRY NO OTHER LIKE,$4.88 ,SLCC,"1,140 ",5259.0,14,No,-0.1916692284045497,1.4275244299674268
ADX6812031,2017/11,SL CRY NO OTHER LIKE,$4.88 ,SLCC,854 ,4050.0,14,No,-0.22989161437535655,1.0993485342019544
ADX6812031,2017/12,SL CRY NO OTHER LIKE,$4.88 ,SLCC,"1,953 ",10835.0,14,No,1.6753086419753087,2.941096634093377
ADX6812031,2018/01,SL CRY NO OTHER LIKE,$4.88 ,SLCC,588 ,2554.0,14,No,-0.7642824180895247,0.6932681867535287
ADX6812031,2018/02,SL CRY NO OTHER LIKE,$4.88 ,SLCC,"1,104 ",4212.0,14,No,0.649177760375881,1.1433224755700326
ADX6812032,2017/03,SL YOU ARE SPECIAL,$4.88 ,SLCC,845 ,4870.0,14,No,0.0,1.0
ADX6812032,2017/04,SL YOU ARE SPECIAL,$4.88 ,SLCC,"1,061 ",5063.0,14,No,0.03963039014373715,1.0396303901437371
ADX6812032,2017/05,SL YOU ARE SPECIAL,$4.88 ,SLCC,"1,823 ",8302.0,14,No,0.6397392850088881,1.7047227926078028
ADX6812032,2017/06,SL YOU ARE SPECIAL,$4.88 ,SLCC,930 ,5828.0,14,No,-0.29800048181161165,1.1967145790554414
ADX6812032,2017/07,SL YOU ARE SPECIAL,$4.88 ,SLCC,939 ,4622.0,14,No,-0.20693205216197663,0.949075975359343
ADX6812032,2017/08,SL YOU ARE SPECIAL,$4.88 ,SLCC,906 ,4505.0,14,No,-0.025313717005625236,0.9250513347022588
ADX6812032,2017/09,SL YOU ARE SPECIAL,$4.88 ,SLCC,901 ,5504.0,14,No,0.22175360710321868,1.1301848049281313
ADX6812032,2017/10,SL YOU ARE SPECIAL,$4.88 ,SLCC,850 ,3695.0,14,No,-0.32867005813953487,0.7587268993839835
ADX6812032,2017/11,SL YOU ARE SPECIAL,$4.88 ,SLCC,727 ,2816.0,14,No,-0.23788903924221927,0.5782340862422998
ADX6812032,2017/12,SL YOU ARE SPECIAL,$4.88 ,SLCC,"1,876 ",9278.0,14,No,2.2947443181818183,1.9051334702258726
ADX6812032,2018/01,SL YOU ARE SPECIAL,$4.88 ,SLCC,679 ,2516.0,14,No,-0.7288208665660703,0.5166324435318275
ADX6812032,2018/02,SL YOU ARE SPECIAL,$4.88 ,SLCC,"1,313 ",5054.0,14,No,1.008744038155803,1.037782340862423
ADX6812037,2017/03,SL CRY 3LAYER SOCIAL,$9.88 ,SLCC,246 ,1121.0,14,No,0.0,1.0
ADX6812037,2017/04,SL CRY 3LAYER SOCIAL,$9.88 ,SLCC,265 ,994.0,14,No,-0.11329170383586085,0.8867082961641392
ADX6812037,2017/05,SL CRY 3LAYER SOCIAL,$9.88 ,SLCC,291 ,1032.0,14,No,0.03822937625754519,0.9206066012488849
ADX6812037,2017/06,SL CRY 3LAYER SOCIAL,$9.88 ,SLCC,178 ,595.0,14,No,-0.42344961240310075,0.5307760927743087
ADX6812037,2017/07,SL CRY 3LAYER SOCIAL,$9.88 ,SLCC,121 ,398.0,14,No,-0.33109243697478996,0.35504014272970563
ADX6812037,2017/08,SL CRY 3LAYER SOCIAL,$9.88 ,SLCC,105 ,327.0,14,No,-0.17839195979899503,0.29170383586083853
ADX6812037,2017/09,SL CRY 3LAYER SOCIAL,$9.88 ,SLCC,148 ,563.0,14,No,0.7217125382262997,0.5022301516503123
ADX6812037,2017/10,SL CRY 3LAYER SOCIAL,$9.88 ,SLCC,132 ,424.0,14,No,-0.24689165186500883,0.37823371989295274
ADX6812037,2017/11,SL CRY 3LAYER SOCIAL,$9.88 ,SLCC,105 ,346.0,14,No,-0.1839622641509434,0.3086529884032114
ADX6812037,2017/12,SL CRY 3LAYER SOCIAL,$9.88 ,SLCC,312 ,970.0,14,No,1.8034682080924855,0.8652988403211418
ADX6812037,2018/01,SL CRY 3LAYER SOCIAL,$9.88 ,SLCC,129 ,321.0,14,No,-0.6690721649484537,0.2863514719000892
ADX6812037,2018/02,SL CRY 3LAYER SOCIAL,$9.88 ,SLCC,148 ,480.0,14,No,0.49532710280373826,0.4281891168599465
ADX6812049,2017/03,GL CRY FLOWER V,$9.88 ,GLCC,159 ,485.0,13,No,0.0,1.0
ADX6812049,2017/04,GL CRY FLOWER V,$9.88 ,GLCC,197 ,759.0,13,No,0.5649484536082474,1.5649484536082474
ADX6812049,2017/05,GL CRY FLOWER V,$9.88 ,GLCC,242 ,854.0,13,No,0.12516469038208178,1.7608247422680412
ADX6812049,2017/06,GL CRY FLOWER V,$9.88 ,GLCC,158 ,725.0,13,No,-0.1510538641686182,1.4948453608247423
ADX6812049,2017/07,GL CRY FLOWER V,$9.88 ,GLCC,163 ,555.0,13,No,-0.23448275862068968,1.1443298969072164
ADX6812049,2017/08,GL CRY FLOWER V,$9.88 ,GLCC,131 ,525.0,13,No,-0.05405405405405406,1.0824742268041236
ADX6812049,2017/09,GL CRY FLOWER V,$9.88 ,GLCC,154 ,627.0,13,No,0.1942857142857144,1.2927835051546392
ADX6812049,2017/10,GL CRY FLOWER V,$9.88 ,GLCC,145 ,534.0,13,No,-0.14832535885167464,1.1010309278350516
ADX6812049,2017/11,GL CRY FLOWER V,$9.88 ,GLCC,141 ,480.0,13,No,-0.101123595505618,0.9896907216494846
ADX6812049,2017/12,GL CRY FLOWER V,$9.88 ,GLCC,257 ,977.0,13,No,1.0354166666666669,2.0144329896907216
ADX6812049,2018/01,GL CRY FLOWER V,$9.88 ,GLCC,109 ,277.0,13,No,-0.7164790174002047,0.5711340206185567
ADX6812049,2018/02,GL CRY FLOWER V,$9.88 ,GLCC,150 ,497.0,13,No,0.7942238267148014,1.024742268041237
ADX6812050,2017/03,BKGL CROSS CHOKER,$7.88 ,GLBK,80 ,270.0,13,No,0.0,1.0
ADX6812050,2017/04,BKGL CROSS CHOKER,$7.88 ,GLBK,91 ,312.0,13,No,0.15555555555555545,1.1555555555555554
ADX6812050,2017/05,BKGL CROSS CHOKER,$7.88 ,GLBK,136 ,385.0,13,No,0.23397435897435903,1.4259259259259258
ADX6812050,2017/06,BKGL CROSS CHOKER,$7.88 ,GLBK,89 ,351.0,13,No,-0.08831168831168834,1.3
ADX6812050,2017/07,BKGL CROSS CHOKER,$7.88 ,GLBK,63 ,210.0,13,No,-0.4017094017094017,0.7777777777777778
ADX6812050,2017/08,BKGL CROSS CHOKER,$7.88 ,GLBK,67 ,197.0,13,No,-0.06190476190476191,0.7296296296296296
ADX6812050,2017/09,BKGL CROSS CHOKER,$7.88 ,GLBK,97 ,365.0,13,No,0.8527918781725887,1.3518518518518519
ADX6812050,2017/10,BKGL CROSS CHOKER,$7.88 ,GLBK,98 ,336.0,13,No,-0.07945205479452055,1.2444444444444445
ADX6812050,2017/11,BKGL CROSS CHOKER,$7.88 ,GLBK,122 ,347.0,13,No,0.032738095238095344,1.2851851851851852
ADX6812050,2017/12,BKGL CROSS CHOKER,$7.88 ,GLBK,143 ,593.0,13,No,0.7089337175792507,2.196296296296296
ADX6812050,2018/01,BKGL CROSS CHOKER,$7.88 ,GLBK,43 ,164.0,13,No,-0.7234401349072512,0.6074074074074074
ADX6812050,2018/02,BKGL CROSS CHOKER,$7.88 ,GLBK,170 ,569.0,13,No,2.4695121951219514,2.1074074074074076
ADX6812052,2017/03,PEARL WEB CHOKER SET,$7.88 ,PEARL,469 ,2048.0,13,Yes,0.0,1.0
ADX6812052,2017/04,PEARL WEB CHOKER SET,$7.88 ,PEARL,443 ,1597.0,13,Yes,-0.22021484375,0.77978515625
ADX6812052,2017/05,PEARL WEB CHOKER SET,$7.88 ,PEARL,418 ,1700.0,13,Yes,0.0644959298685035,0.830078125
ADX6812052,2017/06,PEARL WEB CHOKER SET,$7.88 ,PEARL,418 ,2459.0,13,Yes,0.4464705882352942,1.20068359375
ADX6812052,2017/07,PEARL WEB CHOKER SET,$7.88 ,PEARL,430 ,1725.0,13,Yes,-0.29849532330215534,0.84228515625
ADX6812052,2017/08,PEARL WEB CHOKER SET,$7.88 ,PEARL,"1,034 ",4216.0,13,Yes,1.4440579710144927,2.05859375
ADX6812052,2017/09,PEARL WEB CHOKER SET,$7.88 ,PEARL,983 ,5466.0,13,Yes,0.29648956356736234,2.6689453125
ADX6812052,2017/10,PEARL WEB CHOKER SET,$7.88 ,PEARL,"1,308 ",5215.0,13,Yes,-0.04592023417489943,2.54638671875
ADX6812052,2017/11,PEARL WEB CHOKER SET,$7.88 ,PEARL,"1,256 ",4138.0,13,Yes,-0.20651965484180246,2.0205078125
ADX6812052,2017/12,PEARL WEB CHOKER SET,$7.88 ,PEARL,"1,151 ",5773.0,13,Yes,0.3951184146930884,2.81884765625
ADX6812052,2018/01,PEARL WEB CHOKER SET,$7.88 ,PEARL,638 ,2394.0,13,Yes,-0.5853109301922743,1.1689453125
ADX6812052,2018/02,PEARL WEB CHOKER SET,$7.88 ,PEARL,666 ,2663.0,13,Yes,0.11236424394319133,1.30029296875
ADX6813002,2017/03,SL CRYSTAL COMB,$4.88 ,SLCC,509 ,2790.0,14,No,0.0,1.0
ADX6813002,2017/04,SL CRYSTAL COMB,$4.88 ,SLCC,809 ,3311.0,14,No,0.18673835125448024,1.1867383512544802
ADX6813002,2017/05,SL CRYSTAL COMB,$4.88 ,SLCC,801 ,3313.0,14,No,0.000604047115674966,1.1874551971326164
ADX6813002,2017/06,SL CRYSTAL COMB,$4.88 ,SLCC,478 ,2379.0,14,No,-0.2819197102324178,0.8526881720430107
ADX6813002,2017/07,SL CRYSTAL COMB,$4.88 ,SLCC,418 ,1719.0,14,No,-0.2774274905422447,0.6161290322580645
ADX6813002,2017/08,SL CRYSTAL COMB,$4.88 ,SLCC,377 ,1710.0,14,No,-0.005235602094240788,0.6129032258064516
ADX6813002,2017/09,SL CRYSTAL COMB,$4.88 ,SLCC,553 ,2624.0,14,No,0.5345029239766081,0.9405017921146953
ADX6813002,2017/10,SL CRYSTAL COMB,$4.88 ,SLCC,590 ,2622.0,14,No,-0.0007621951219511924,0.9397849462365592
ADX6813002,2017/11,SL CRYSTAL COMB,$4.88 ,SLCC,504 ,1824.0,14,No,-0.30434782608695654,0.6537634408602151
ADX6813002,2017/12,SL CRYSTAL COMB,$4.88 ,SLCC,553 ,2785.0,14,No,0.5268640350877194,0.9982078853046595
ADX6813002,2018/01,SL CRYSTAL COMB,$4.88 ,SLCC,377 ,1439.0,14,No,-0.48330341113105924,0.5157706093189964
ADX6813002,2018/02,SL CRYSTAL COMB,$4.88 ,SLCC,731 ,2954.0,14,No,1.0528144544822795,1.0587813620071684
